"position","const","created","modified","description","Title","Title type","Directors","You rated","IMDb Rating","Runtime (mins)","Year","Genres","Num. Votes","Release Date (month/day/year)","URL"
"1","tt0034583","Fri Nov  7 09:09:15 2014","Fri Nov  7 09:09:15 2014","","Casablanca","Feature Film","Michael Curtiz","","8.6","102","1942","drama, romance, war","388971","1942-11-26","http://www.imdb.com/title/tt0034583/"
"2","tt2015381","Mon Nov 10 21:32:37 2014","Mon Nov 10 21:32:37 2014","","Guardians of the Galaxy","Feature Film","James Gunn","","8.1","121","2014","action, adventure, sci_fi","688016","2014-07-21","http://www.imdb.com/title/tt2015381/"
"3","tt0104652","Mon Nov 10 21:32:54 2014","Mon Nov 10 21:32:54 2014","","Kurenai no buta","Feature Film","Hayao Miyazaki","","7.8","94","1992","animation, adventure, comedy, fantasy, romance","47971","1992-07-18","http://www.imdb.com/title/tt0104652/"
"4","tt0092067","Mon Nov 10 21:33:17 2014","Mon Nov 10 21:33:17 2014","","Tenkû no shiro Rapyuta","Feature Film","Hayao Miyazaki","","8.1","125","1986","animation, adventure, family, fantasy","100024","1986-08-02","http://www.imdb.com/title/tt0092067/"
"5","tt0108052","Mon Nov 10 21:34:36 2014","Mon Nov 10 21:34:36 2014","","Schindler's List","Feature Film","Steven Spielberg","","8.9","195","1993","biography, drama, history","869054","1993-11-30","http://www.imdb.com/title/tt0108052/"
"6","tt0114746","Mon Nov 10 21:43:07 2014","Mon Nov 10 21:43:07 2014","","Twelve Monkeys","Feature Film","Terry Gilliam","","8.1","129","1995","mystery, sci_fi, thriller","464484","1995-12-27","http://www.imdb.com/title/tt0114746/"
"7","tt0061722","Mon Nov 10 21:56:24 2014","Mon Nov 10 21:56:24 2014","","The Graduate","Feature Film","Mike Nichols","","8.0","106","1967","comedy, drama, romance","211309","1967-12-21","http://www.imdb.com/title/tt0061722/"
"8","tt0071315","Mon Nov 10 21:56:48 2014","Mon Nov 10 21:56:48 2014","","Chinatown","Feature Film","Roman Polanski","","8.2","130","1974","drama, mystery, thriller","217073","1974-06-20","http://www.imdb.com/title/tt0071315/"
"9","tt2219564","Fri Jan  9 02:30:55 2015","Fri Jan  9 02:30:55 2015","","Cousin Ben Troop Screening with Jason Schwartzman","Short Film","Wes Anderson","","6.9","2","2012","comedy","1125","2012-06-19","http://www.imdb.com/title/tt2219564/"
"10","tt2937898","Sun Apr  5 21:51:37 2015","Sun Apr  5 21:51:37 2015","","A Most Violent Year","Feature Film","J.C. Chandor","","7.0","125","2014","action, crime, drama, thriller","46174","2014-11-06","http://www.imdb.com/title/tt2937898/"
"11","tt2321549","Thu Sep 24 23:19:20 2015","Thu Sep 24 23:19:20 2015","","The Babadook","Feature Film","Jennifer Kent","","6.8","93","2014","drama, fantasy, horror","114820","2014-01-17","http://www.imdb.com/title/tt2321549/"
"12","tt0434409","Thu Sep 24 23:21:41 2015","Thu Sep 24 23:21:41 2015","","V for Vendetta","Feature Film","James McTeigue","","8.2","132","2005","action, drama, thriller","795384","2005-12-11","http://www.imdb.com/title/tt0434409/"
"13","tt0118799","Thu Sep 24 23:21:47 2015","Thu Sep 24 23:21:47 2015","","La vita è bella","Feature Film","Roberto Benigni","","8.6","116","1997","comedy, drama, war","422333","1997-12-20","http://www.imdb.com/title/tt0118799/"
"14","tt0405159","Thu Sep 24 23:25:06 2015","Thu Sep 24 23:25:06 2015","","Million Dollar Baby","Feature Film","Clint Eastwood","","8.1","132","2004","drama, sport","484099","2004-12-05","http://www.imdb.com/title/tt0405159/"
"15","tt0361862","Thu Sep 24 23:25:19 2015","Thu Sep 24 23:25:19 2015","","The Machinist","Feature Film","Brad Anderson","","7.7","101","2004","drama, thriller","282778","2004-01-18","http://www.imdb.com/title/tt0361862/"
"16","tt1931533","Thu Sep 24 23:25:24 2015","Thu Sep 24 23:25:24 2015","","Seven Psychopaths","Feature Film","Martin McDonagh","","7.2","110","2012","comedy, crime","186544","2012-09-07","http://www.imdb.com/title/tt1931533/"
"17","tt1568346","Thu Sep 24 23:25:26 2015","Thu Sep 24 23:25:26 2015","","The Girl with the Dragon Tattoo","Feature Film","David Fincher","","7.8","158","2011","crime, drama, mystery, thriller","331556","2011-12-12","http://www.imdb.com/title/tt1568346/"
"18","tt0110008","Thu Sep 24 23:25:29 2015","Thu Sep 24 23:25:29 2015","","Heisei tanuki gassen ponpoko","Feature Film","Isao Takahata","","7.4","119","1994","animation, comedy, drama, family, fantasy","14717","1994-07-16","http://www.imdb.com/title/tt0110008/"
"19","tt0378947","Thu Sep 24 23:25:34 2015","Thu Sep 24 23:25:34 2015","","Melinda and Melinda","Feature Film","Woody Allen","","6.5","99","2004","comedy, drama, romance","27200","2004-09-17","http://www.imdb.com/title/tt0378947/"
"20","tt0240772","Thu Sep 24 23:25:46 2015","Thu Sep 24 23:25:46 2015","","Ocean's Eleven","Feature Film","Steven Soderbergh","","7.8","116","2001","crime, thriller","404202","2001-12-05","http://www.imdb.com/title/tt0240772/"
"21","tt0093818","Thu Sep 24 23:25:52 2015","Thu Sep 24 23:25:52 2015","","Radio Days","Feature Film","Woody Allen","","7.6","88","1987","comedy","24376","1987-01-24","http://www.imdb.com/title/tt0093818/"
"22","tt1285016","Thu Sep 24 23:25:55 2015","Thu Sep 24 23:25:55 2015","","The Social Network","Feature Film","David Fincher","","7.7","120","2010","biography, drama","481840","2010-09-24","http://www.imdb.com/title/tt1285016/"
"23","tt3278420","Thu Sep 24 23:25:57 2015","Thu Sep 24 23:25:57 2015","","Yearbook","Short Film","Bernardo Britto","","7.6","5","2014","animation, comedy, drama","175","2014-01-17","http://www.imdb.com/title/tt3278420/"
"24","tt0159097","Thu Sep 24 23:26:13 2015","Thu Sep 24 23:26:13 2015","","The Virgin Suicides","Feature Film","Sofia Coppola","","7.2","97","1999","drama, romance","117404","1999-05-19","http://www.imdb.com/title/tt0159097/"
"25","tt0109348","Thu Sep 24 23:26:42 2015","Thu Sep 24 23:26:42 2015","","Bullets Over Broadway","Feature Film","Woody Allen","","7.5","98","1994","comedy, crime","29485","1994-09-06","http://www.imdb.com/title/tt0109348/"
"26","tt0086637","Thu Sep 24 23:26:44 2015","Thu Sep 24 23:26:44 2015","","Zelig","Feature Film","Woody Allen","","7.8","79","1983","comedy","31834","1983-07-15","http://www.imdb.com/title/tt0086637/"
"27","tt0495596","Thu Sep 24 23:26:53 2015","Thu Sep 24 23:26:53 2015","","Gedo senki","Feature Film","Gorô Miyazaki","","6.5","115","2006","animation, adventure, fantasy","23999","2006-07-29","http://www.imdb.com/title/tt0495596/"
"28","tt2140203","Thu Sep 24 23:27:28 2015","Thu Sep 24 23:27:28 2015","","Ookami kodomo no Ame to Yuki","Feature Film","Mamoru Hosoda","","8.2","117","2012","animation, drama, family, fantasy","18895","2012-06-25","http://www.imdb.com/title/tt2140203/"
"29","tt0373469","Thu Sep 24 23:27:38 2015","Thu Sep 24 23:27:38 2015","","Kiss Kiss Bang Bang","Feature Film","Shane Black","","7.6","103","2005","comedy, crime, mystery","176906","2005-05-14","http://www.imdb.com/title/tt0373469/"
"30","tt0040746","Thu Sep 24 23:27:54 2015","Thu Sep 24 23:27:54 2015","","Rope","Feature Film","Alfred Hitchcock","","8.0","80","1948","crime, drama, film_noir, thriller","96118","1948-08-23","http://www.imdb.com/title/tt0040746/"
"31","tt2388715","Thu Sep 24 23:28:09 2015","Thu Sep 24 23:28:09 2015","","Oculus","Feature Film","Mike Flanagan","","6.5","104","2013","horror, mystery","86281","2013-09-08","http://www.imdb.com/title/tt2388715/"
"32","tt1441395","Thu Sep 24 23:28:18 2015","Thu Sep 24 23:28:18 2015","","Under the Skin","Feature Film","Jonathan Glazer","","6.3","108","2013","drama, horror, sci_fi, thriller","85788","2013-08-29","http://www.imdb.com/title/tt1441395/"
"33","tt1791528","Thu Sep 24 23:28:19 2015","Thu Sep 24 23:28:19 2015","","Inherent Vice","Feature Film","Paul Thomas Anderson","8","6.7","148","2014","comedy, crime, drama, mystery, romance","62462","2014-10-04","http://www.imdb.com/title/tt1791528/"
"34","tt2884018","Thu Sep 24 23:28:51 2015","Thu Sep 24 23:28:51 2015","","Macbeth","Feature Film","Justin Kurzel","","6.8","113","2015","drama, war","34794","2015-05-23","http://www.imdb.com/title/tt2884018/"
"35","tt0814314","Thu Sep 24 23:29:56 2015","Thu Sep 24 23:29:56 2015","","Seven Pounds","Feature Film","Gabriele Muccino","","7.7","123","2008","drama, romance","233573","2008-12-19","http://www.imdb.com/title/tt0814314/"
"36","tt1483013","Thu Sep 24 23:29:58 2015","Thu Sep 24 23:29:58 2015","","Oblivion","Feature Film","Joseph Kosinski","","7.0","124","2013","action, adventure, mystery, sci_fi","388898","2013-03-26","http://www.imdb.com/title/tt1483013/"
"37","tt0090605","Thu Sep 24 23:30:00 2015","Thu Sep 24 23:30:00 2015","","Aliens","Feature Film","James Cameron","","8.4","137","1986","adventure, sci_fi, thriller","490468","1986-07-18","http://www.imdb.com/title/tt0090605/"
"38","tt0319862","Thu Sep 24 23:30:02 2015","Thu Sep 24 23:30:02 2015","","The Miles Davis Story","Documentary","Mike Dibb","","7.4","125","2001","documentary","209","2001-04-14","http://www.imdb.com/title/tt0319862/"
"39","tt1182345","Thu Sep 24 23:35:07 2015","Thu Sep 24 23:35:07 2015","","Moon","Feature Film","Duncan Jones","","7.9","97","2009","drama, mystery, sci_fi","261728","2009-01-23","http://www.imdb.com/title/tt1182345/"
"40","tt0496806","Thu Sep 24 23:35:33 2015","Thu Sep 24 23:35:33 2015","","Ocean's Thirteen","Feature Film","Steven Soderbergh","","6.9","122","2007","crime, thriller","257764","2007-05-24","http://www.imdb.com/title/tt0496806/"
"41","tt0045152","Thu Sep 24 23:35:48 2015","Thu Sep 24 23:35:48 2015","","Singin' in the Rain","Feature Film","Stanley Donen, Gene Kelly","","8.3","103","1952","comedy, musical, romance","150701","1952-03-27","http://www.imdb.com/title/tt0045152/"
"42","tt0068555","Thu Sep 24 23:36:09 2015","Thu Sep 24 23:36:09 2015","","Everything You Always Wanted to Know About Sex * But Were Afraid to Ask","Feature Film","Woody Allen","","6.8","88","1972","comedy, romance","31179","1972-08-06","http://www.imdb.com/title/tt0068555/"
"43","tt0057345","Thu Sep 24 23:41:53 2015","Thu Sep 24 23:41:53 2015","","Le mépris","Feature Film","Jean-Luc Godard","","7.7","103","1963","drama","19936","1963-10-29","http://www.imdb.com/title/tt0057345/"
"44","tt0349903","Thu Oct  8 22:01:08 2015","Thu Oct  8 22:01:08 2015","","Ocean's Twelve","Feature Film","Steven Soderbergh","","6.4","125","2004","crime, thriller","285847","2004-12-08","http://www.imdb.com/title/tt0349903/"
"45","tt0097814","Thu Oct  8 22:01:11 2015","Thu Oct  8 22:01:11 2015","","Majo no takkyûbin","Feature Film","Hayao Miyazaki","","7.9","103","1989","animation, adventure, drama, family, fantasy","76539","1989-07-29","http://www.imdb.com/title/tt0097814/"
"46","tt0071562","Thu Oct  8 22:01:18 2015","Thu Oct  8 22:01:18 2015","","The Godfather: Part II","Feature Film","Francis Ford Coppola","","9.0","202","1974","crime, drama","794593","1974-12-12","http://www.imdb.com/title/tt0071562/"
"47","tt1049413","Thu Oct  8 22:01:30 2015","Thu Oct  8 22:01:30 2015","","Up","Feature Film","Pete Docter, Bob Peterson","","8.3","96","2009","animation, adventure, comedy, family","669374","2009-05-13","http://www.imdb.com/title/tt1049413/"
"48","tt0050083","Thu Oct  8 22:01:36 2015","Thu Oct  8 22:01:36 2015","","12 Angry Men","Feature Film","Sidney Lumet","","8.9","96","1957","crime, drama","450236","1957-04-10","http://www.imdb.com/title/tt0050083/"
"49","tt0072231","Thu Oct  8 22:08:51 2015","Thu Oct  8 22:08:51 2015","","Svoy sredi chuzhikh, chuzhoy sredi svoikh","Feature Film","Nikita Mikhalkov","","7.8","97","1974","action, adventure, drama, war, western","1868","1974-11-11","http://www.imdb.com/title/tt0072231/"
"50","tt1205489","Thu Oct  8 22:08:59 2015","Thu Oct  8 22:08:59 2015","","Gran Torino","Feature Film","Clint Eastwood","","8.2","116","2008","drama","563855","2008-12-09","http://www.imdb.com/title/tt1205489/"
"51","tt0066808","Thu Oct  8 22:09:02 2015","Thu Oct  8 22:09:02 2015","","Bananas","Feature Film","Woody Allen","","7.1","82","1971","comedy","27732","1971-04-28","http://www.imdb.com/title/tt0066808/"
"52","tt0144084","Thu Oct  8 22:13:09 2015","Thu Oct  8 22:13:09 2015","","American Psycho","Feature Film","Mary Harron","","7.6","102","2000","crime, drama","359145","2000-01-21","http://www.imdb.com/title/tt0144084/"
"53","tt0112573","Thu Oct  8 22:13:19 2015","Thu Oct  8 22:13:19 2015","","Braveheart","Feature Film","Mel Gibson","","8.4","178","1995","biography, drama, history, war","739657","1995-05-18","http://www.imdb.com/title/tt0112573/"
"54","tt0078788","Thu Oct  8 22:13:30 2015","Thu Oct  8 22:13:30 2015","","Apocalypse Now","Feature Film","Francis Coppola","","8.5","153","1979","drama, war","452392","1979-05-19","http://www.imdb.com/title/tt0078788/"
"55","tt0056663","Thu Oct  8 22:13:39 2015","Thu Oct  8 22:13:39 2015","","Vivre sa vie: Film en douze tableaux","Feature Film","Jean-Luc Godard","","8.1","80","1962","drama","17928","1962-08-28","http://www.imdb.com/title/tt0056663/"
"56","tt2718492","Thu Oct  8 22:13:52 2015","Thu Oct  8 22:13:52 2015","","Ida","Feature Film","Pawel Pawlikowski","","7.4","82","2013","drama","34939","2013-08-30","http://www.imdb.com/title/tt2718492/"
"57","tt0079193","Thu Oct  8 22:13:57 2015","Thu Oct  8 22:13:57 2015","","Garazh","Feature Film","Eldar Ryazanov","","8.3","101","1980","comedy, drama","2016","1980-03-10","http://www.imdb.com/title/tt0079193/"
"58","tt0118583","Thu Oct  8 22:13:59 2015","Thu Oct  8 22:13:59 2015","","Alien: Resurrection","Feature Film","Jean-Pierre Jeunet","","6.3","109","1997","action, horror, sci_fi","170904","1997-11-06","http://www.imdb.com/title/tt0118583/"
"59","tt0083465","Thu Oct  8 22:15:12 2015","Thu Oct  8 22:15:12 2015","","Pokrovskiye vorota","TV Movie","Mikhail Kozakov","","8.3","140","1983","comedy, drama, musical, romance","1699","1983-02-11","http://www.imdb.com/title/tt0083465/"
"60","tt0441773","Thu Oct  8 22:15:49 2015","Thu Oct  8 22:15:49 2015","","Kung Fu Panda","Feature Film","Mark Osborne, John Stevenson","","7.6","92","2008","animation, action, adventure, comedy, family","308480","2008-05-15","http://www.imdb.com/title/tt0441773/"
"61","tt0335266","Thu Oct  8 22:15:55 2015","Thu Oct  8 22:15:55 2015","","Lost in Translation","Feature Film","Sofia Coppola","","7.8","101","2003","drama","322379","2003-08-29","http://www.imdb.com/title/tt0335266/"
"62","tt1772341","Thu Oct  8 22:16:02 2015","Thu Oct  8 22:16:02 2015","","Wreck-It Ralph","Feature Film","Rich Moore","","7.8","101","2012","animation, adventure, comedy, family, sci_fi","273780","2012-11-01","http://www.imdb.com/title/tt1772341/"
"63","tt0081554","Thu Oct  8 22:16:07 2015","Thu Oct  8 22:16:07 2015","","Stardust Memories","Feature Film","Woody Allen","","7.5","89","1980","comedy, drama","16520","1980-09-26","http://www.imdb.com/title/tt0081554/"
"64","tt0077742","Thu Oct  8 22:16:12 2015","Thu Oct  8 22:16:12 2015","","Interiors","Feature Film","Woody Allen","","7.5","93","1978","drama","14078","1978-08-02","http://www.imdb.com/title/tt0077742/"
"65","tt1723811","Thu Oct  8 22:16:18 2015","Thu Oct  8 22:16:18 2015","","Shame","Feature Film","Steve McQueen","","7.3","101","2011","drama","146075","2011-09-04","http://www.imdb.com/title/tt1723811/"
"66","tt0169547","Thu Oct  8 22:16:21 2015","Thu Oct  8 22:16:21 2015","","American Beauty","Feature Film","Sam Mendes","","8.4","122","1999","drama, romance","825968","1999-09-08","http://www.imdb.com/title/tt0169547/"
"67","tt1178665","Thu Oct  8 22:16:23 2015","Thu Oct  8 22:16:23 2015","","A Walk in the Woods","Feature Film","Ken Kwapis","","6.3","104","2015","adventure, biography, comedy, drama","14634","2015-01-23","http://www.imdb.com/title/tt1178665/"
"68","tt1646971","Thu Oct  8 22:16:49 2015","Thu Oct  8 22:16:49 2015","","How to Train Your Dragon 2","Feature Film","Dean DeBlois","","7.9","102","2014","animation, action, adventure, comedy, family, fantasy","222288","2014-05-16","http://www.imdb.com/title/tt1646971/"
"69","tt1172570","Thu Oct  8 22:24:37 2015","Thu Oct  8 22:24:37 2015","","Bronson","Feature Film","Nicolas Winding Refn","","7.1","92","2008","action, biography, crime, drama","85391","2008-10","http://www.imdb.com/title/tt1172570/"
"70","tt0084329","Thu Oct  8 22:26:52 2015","Thu Oct  8 22:26:52 2015","","A Midsummer Night's Sex Comedy","Feature Film","Woody Allen","","6.7","88","1982","comedy","14867","1982-07-16","http://www.imdb.com/title/tt0084329/"
"71","tt0105236","Mon Oct 12 01:00:13 2015","Mon Oct 12 01:00:13 2015","","Reservoir Dogs","Feature Film","Quentin Tarantino","","8.4","99","1992","crime, drama, thriller","667832","1992-01-21","http://www.imdb.com/title/tt0105236/"
"72","tt0078748","Mon Oct 12 01:00:28 2015","Mon Oct 12 01:00:28 2015","","Alien","Feature Film","Ridley Scott","","8.5","117","1979","horror, sci_fi","566482","1979-05-25","http://www.imdb.com/title/tt0078748/"
"73","tt0099685","Mon Oct 12 01:00:51 2015","Mon Oct 12 01:00:51 2015","","Goodfellas","Feature Film","Martin Scorsese","","8.7","146","1990","biography, crime, drama","732156","1990-09-09","http://www.imdb.com/title/tt0099685/"
"74","tt3659388","Mon Oct 12 01:00:54 2015","Mon Oct 12 01:00:54 2015","","The Martian","Feature Film","Ridley Scott","","8.1","144","2015","adventure, drama, sci_fi","481597","2015-09-11","http://www.imdb.com/title/tt3659388/"
"75","tt0053291","Mon Oct 12 01:01:01 2015","Mon Oct 12 01:01:01 2015","","Some Like It Hot","Feature Film","Billy Wilder","","8.3","120","1959","comedy, music, romance","175902","1959-03-19","http://www.imdb.com/title/tt0053291/"
"76","tt0986233","Mon Oct 12 01:01:10 2015","Mon Oct 12 01:01:10 2015","","Hunger","Feature Film","Steve McQueen","","7.6","96","2008","biography, drama","51113","2008-05-15","http://www.imdb.com/title/tt0986233/"
"77","tt0119698","Mon Oct 12 01:01:13 2015","Mon Oct 12 01:01:13 2015","","Mononoke-hime","Feature Film","Hayao Miyazaki","","8.4","134","1997","animation, adventure, fantasy","222798","1997-07-12","http://www.imdb.com/title/tt0119698/"
"78","tt0217505","Mon Oct 12 01:01:33 2015","Mon Oct 12 01:01:33 2015","","Gangs of New York","Feature Film","Martin Scorsese","","7.5","167","2002","crime, drama","315239","2002-12-09","http://www.imdb.com/title/tt0217505/"
"79","tt0087003","Mon Oct 12 01:01:37 2015","Mon Oct 12 01:01:37 2015","","Broadway Danny Rose","Feature Film","Woody Allen","","7.5","84","1984","comedy","18695","1984-01-27","http://www.imdb.com/title/tt0087003/"
"80","tt0095441","Mon Oct 12 01:01:40 2015","Mon Oct 12 01:01:40 2015","","Kholodnoe leto pyatdesyat tretego","Feature Film","Aleksandr Proshkin","","8.1","101","1988","action, crime, drama","1235","1988-06","http://www.imdb.com/title/tt0095441/"
"81","tt3560686","Mon Oct 12 01:03:22 2015","Mon Oct 12 01:03:22 2015","","Durak","Feature Film","Yuriy Bykov","","8.0","116","2014","drama","3901","2014-08-09","http://www.imdb.com/title/tt3560686/"
"82","tt0092745","Mon Oct 12 01:03:56 2015","Mon Oct 12 01:03:56 2015","","Chelovek s bulvara Kaputsinov","Feature Film","Alla Surikova","","7.9","98","1987","comedy, musical, romance, western","1769","1987-06-23","http://www.imdb.com/title/tt0092745/"
"83","tt0070439","Mon Oct 12 01:04:43 2015","Mon Oct 12 01:04:43 2015","","Neveroyatnye priklyucheniya italyantsev v Rossii","Feature Film","Franco Prosperi, Eldar Ryazanov","","7.9","104","1974","comedy, adventure","3433","1974-01-31","http://www.imdb.com/title/tt0070439/"
"84","tt0102587","Mon Oct 12 01:05:15 2015","Mon Oct 12 01:05:15 2015","","Omohide poro poro","Feature Film","Isao Takahata","","7.7","118","1991","animation, drama, romance","13311","1991-07-20","http://www.imdb.com/title/tt0102587/"
"85","tt1439629","Mon Oct 12 01:05:44 2015","Mon Oct 12 01:05:44 2015","","Community","TV Series","","","8.5","22","2009","comedy","145795","2009-09-17","http://www.imdb.com/title/tt1439629/"
"86","tt2278871","Mon Oct 12 01:08:36 2015","Mon Oct 12 01:08:36 2015","","La vie d'Adèle - Chapitres 1 et 2","Feature Film","Abdellatif Kechiche","","7.8","180","2013","drama, romance","93118","2013-05-23","http://www.imdb.com/title/tt2278871/"
"87","tt1937390","Mon Oct 12 01:08:57 2015","Mon Oct 12 01:08:57 2015","","Nymphomaniac: Vol. I","Feature Film","Lars von Trier","","7.0","117","2013","drama","82583","2013-12-25","http://www.imdb.com/title/tt1937390/"
"88","tt0044079","Mon Oct 12 01:10:31 2015","Mon Oct 12 01:10:31 2015","","Strangers on a Train","Feature Film","Alfred Hitchcock","","8.1","101","1951","crime, film_noir, romance, thriller","96811","1951-06-30","http://www.imdb.com/title/tt0044079/"
"89","tt0327056","Mon Oct 12 01:10:51 2015","Mon Oct 12 01:10:51 2015","","Mystic River","Feature Film","Clint Eastwood","","8.0","138","2003","crime, drama, mystery, thriller","339540","2003-05-23","http://www.imdb.com/title/tt0327056/"
"90","tt0386676","Mon Oct 12 01:15:28 2015","Mon Oct 12 01:15:28 2015","","The Office","TV Series","","","8.8","22","2005","comedy","202472","2005-03-24","http://www.imdb.com/title/tt0386676/"
"91","tt0053604","Mon Oct 12 01:20:45 2015","Mon Oct 12 01:20:45 2015","","The Apartment","Feature Film","Billy Wilder","","8.3","125","1960","comedy, drama, romance","109860","1960-06-15","http://www.imdb.com/title/tt0053604/"
"92","tt0242653","Mon Oct 12 01:24:07 2015","Mon Oct 12 01:24:07 2015","","The Matrix Revolutions","Feature Film","The Wachowski Brothers, The Wachowski Brothers","","6.7","129","2003","action, sci_fi","366074","2003-10-27","http://www.imdb.com/title/tt0242653/"
"93","tt1132620","Mon Oct 12 01:24:21 2015","Mon Oct 12 01:24:21 2015","","Män som hatar kvinnor","Feature Film","Niels Arden Oplev","","7.8","152","2009","crime, drama, mystery, thriller","175215","2009-02-27","http://www.imdb.com/title/tt1132620/"
"94","tt0216755","Mon Oct 12 01:24:34 2015","Mon Oct 12 01:24:34 2015","","Formula lyubvi","TV Movie","Mark Zakharov","","8.3","90","1984","comedy, romance","1399","1984-12-30","http://www.imdb.com/title/tt0216755/"
"95","tt3774694","Mon Oct 12 01:24:46 2015","Mon Oct 12 01:24:46 2015","","Love","Feature Film","Gaspar Noé","","6.0","135","2015","drama, romance","18508","2015-05-20","http://www.imdb.com/title/tt3774694/"
"96","tt0119177","Mon Oct 12 01:27:38 2015","Mon Oct 12 01:27:38 2015","","Gattaca","Feature Film","Andrew Niccol","","7.8","106","1997","drama, sci_fi, thriller","221347","1997-09-07","http://www.imdb.com/title/tt0119177/"
"97","tt1673702","Thu Nov  5 21:16:43 2015","Thu Nov  5 21:16:43 2015","","Une vie de chat","Feature Film","Jean-Loup Felicioli, Alain Gagnol","","7.0","70","2010","animation, crime, family","8468","2010-10-15","http://www.imdb.com/title/tt1673702/"
"98","tt0078673","Thu Nov  5 21:18:38 2015","Thu Nov  5 21:18:38 2015","","Priklyucheniya Elektronika","TV Series","Konstantin Bromberg","","7.7","215","1980","adventure, comedy, crime, family, musical, sci_fi","1018","1980-05-02","http://www.imdb.com/title/tt0078673/"
"99","tt0060161","Thu Nov  5 21:22:29 2015","Thu Nov  5 21:22:29 2015","","Beregis avtomobilya","Feature Film","Eldar Ryazanov","","8.3","94","1966","comedy, crime, romance","2903","1966-05","http://www.imdb.com/title/tt0060161/"
"100","tt0133108","Thu Nov  5 21:22:34 2015","Thu Nov  5 21:22:34 2015","","Muzhiki!","Feature Film","Iskra Babich","","7.7","94","1981","drama","318","1981-12","http://www.imdb.com/title/tt0133108/"
"101","tt3397884","Mon Dec 21 20:59:44 2015","Mon Dec 21 20:59:44 2015","","Sicario","Feature Film","Denis Villeneuve","","7.6","121","2015","action, crime, drama, mystery, thriller","200435","2015-05-19","http://www.imdb.com/title/tt3397884/"
"102","tt1258197","Mon Dec 21 23:26:35 2015","Mon Dec 21 23:26:35 2015","","Exam","Feature Film","Stuart Hazeldine","","6.9","101","2009","mystery, thriller","70775","2009-06","http://www.imdb.com/title/tt1258197/"
"103","tt0470752","Mon Dec 21 23:26:36 2015","Mon Dec 21 23:26:36 2015","","Ex Machina","Feature Film","Alex Garland","","7.7","108","2015","drama, mystery, sci_fi, thriller","293078","2015-01-21","http://www.imdb.com/title/tt0470752/"
"104","tt1175709","Mon Dec 21 23:27:06 2015","Mon Dec 21 23:27:06 2015","","All Good Things","Feature Film","Andrew Jarecki","","6.3","101","2010","crime, drama, mystery, romance, thriller","41469","2010-11-05","http://www.imdb.com/title/tt1175709/"
"105","tt3042408","Mon Dec 21 23:28:14 2015","Mon Dec 21 23:28:14 2015","","Who Am I - Kein System ist sicher","Feature Film","Baran bo Odar","","7.6","102","2014","crime, drama, thriller","22880","2014-09-06","http://www.imdb.com/title/tt3042408/"
"106","tt4072326","Tue Jan 26 06:05:18 2016","Tue Jan 26 06:05:18 2016","","Ali and Nino","Feature Film","Asif Kapadia","","8.1","100","2016","drama, romance","100","2016-01-27","http://www.imdb.com/title/tt4072326/"
"107","tt3553976","Tue Jan 26 06:05:22 2016","Tue Jan 26 06:05:22 2016","","Captain Fantastic","Feature Film","Matt Ross","","8.1","118","2016","comedy, drama, romance","4881","2016-01-23","http://www.imdb.com/title/tt3553976/"
"108","tt4193394","Tue Jan 26 06:05:40 2016","Tue Jan 26 06:05:40 2016","","Indignation","Feature Film","James Schamus","","7.7","110","2016","drama","1005","2016-01-24","http://www.imdb.com/title/tt4193394/"
"109","tt2818654","Tue Jan 26 06:06:03 2016","Tue Jan 26 06:06:03 2016","","Rak ti Khon Kaen","Feature Film","Apichatpong Weerasethakul","","7.1","122","2015","drama, fantasy","1793","2015-05-18","http://www.imdb.com/title/tt2818654/"
"110","tt4285496","Tue Jan 26 06:06:08 2016","Tue Jan 26 06:06:08 2016","","El abrazo de la serpiente","Feature Film","Ciro Guerra","","8.0","125","2015","adventure, biography, drama, history","8140","2015-05-15","http://www.imdb.com/title/tt4285496/"
"111","tt4666726","Tue Jan 26 06:06:48 2016","Tue Jan 26 06:06:48 2016","","Christine","Feature Film","Antonio Campos","","7.1","115","2016","biography, drama","137","2016-01-23","http://www.imdb.com/title/tt4666726/"
"112","tt1639084","Tue Jan 26 06:07:05 2016","Tue Jan 26 06:07:05 2016","","Tallulah","Feature Film","Sian Heder","","6.8","111","2016","comedy, drama, romance","5276","2016-01-23","http://www.imdb.com/title/tt1639084/"
"113","tt2879552","Tue Jan 26 06:07:21 2016","Tue Jan 26 06:07:21 2016","","11.22.63","Mini-Series","","","8.3","60","2016","drama, mystery, sci_fi, thriller","34225","2016-02-15","http://www.imdb.com/title/tt2879552/"
"114","tt2401878","Tue Jan 26 06:07:35 2016","Tue Jan 26 06:07:35 2016","","Anomalisa","Feature Film","Duke Johnson, Charlie Kaufman","","7.3","90","2015","animation, comedy, drama, romance","32694","2015-09-04","http://www.imdb.com/title/tt2401878/"
"115","tt5225338","Tue Jan 26 06:08:01 2016","Tue Jan 26 06:08:01 2016","","The Eyes of My Mother","Feature Film","Nicolas Pesce","","7.5","76","2016","drama, horror","134","2016-01-22","http://www.imdb.com/title/tt5225338/"
"116","tt4262174","Tue Jan 26 06:08:06 2016","Tue Jan 26 06:08:06 2016","","First Girl I Loved","Feature Film","Kerem Sanga","","5.4","91","2016","drama, romance","267","2016-01-24","http://www.imdb.com/title/tt4262174/"
"117","tt3838992","Tue Jan 26 06:09:02 2016","Tue Jan 26 06:09:02 2016","","Yoga Hosers","Feature Film","Kevin Smith","","4.8","88","2016","comedy, fantasy, horror, thriller","931","2016-01-24","http://www.imdb.com/title/tt3838992/"
"118","tt5117222","Tue Jan 26 06:09:07 2016","Tue Jan 26 06:09:07 2016","","Notes on Blindness","Documentary","Pete Middleton, James Spinney","","7.4","90","2016","documentary","171","2016-01-24","http://www.imdb.com/title/tt5117222/"
"119","tt1560747","Thu Jan 28 05:48:47 2016","Thu Jan 28 05:48:47 2016","","The Master","Feature Film","Paul Thomas Anderson","","7.1","144","2012","drama","105685","2012-09-01","http://www.imdb.com/title/tt1560747/"
"120","tt0469494","Thu Jan 28 05:48:53 2016","Thu Jan 28 05:48:53 2016","","There Will Be Blood","Feature Film","Paul Thomas Anderson","","8.1","158","2007","drama","375003","2007-09-27","http://www.imdb.com/title/tt0469494/"
"121","tt0175880","Thu Jan 28 05:49:02 2016","Thu Jan 28 05:49:02 2016","","Magnolia","Feature Film","Paul Thomas Anderson","","8.0","188","1999","drama","241680","1999-12-02","http://www.imdb.com/title/tt0175880/"
"122","tt0119256","Thu Jan 28 05:49:09 2016","Thu Jan 28 05:49:09 2016","","Sydney","Feature Film","Paul Thomas Anderson","","7.3","102","1996","crime, drama","28674","1996-01-20","http://www.imdb.com/title/tt0119256/"
"123","tt4263482","Tue Feb 16 20:37:55 2016","Tue Feb 16 20:37:55 2016","","The VVitch: A New-England Folktale","Feature Film","Robert Eggers","","6.7","92","2015","horror, mystery","69611","2015-01-23","http://www.imdb.com/title/tt4263482/"
"124","tt0819714","Tue Feb 23 22:00:02 2016","Tue Feb 23 22:00:02 2016","","The Edge of Love","Feature Film","John Maybury","","6.3","110","2008","biography, drama, romance, war","13497","2008-06-18","http://www.imdb.com/title/tt0819714/"
"125","tt0821999","Tue Feb 23 22:00:06 2016","Tue Feb 23 22:00:06 2016","","A Man of Few Words","Short Film","Terence White","","7.2","12","2000","","39","2000","http://www.imdb.com/title/tt0821999/"
"126","tt0236157","Tue Feb 23 22:01:10 2016","Tue Feb 23 22:01:10 2016","","Disco Pigs","Feature Film","Kirsten Sheridan","","6.8","93","2001","crime, drama, romance","3565","2001-02","http://www.imdb.com/title/tt0236157/"
"127","tt0213847","Tue Feb 23 22:01:11 2016","Tue Feb 23 22:01:11 2016","","Malèna","Feature Film","Giuseppe Tornatore","","7.5","109","2000","comedy, drama, romance, war","66249","2000-10-27","http://www.imdb.com/title/tt0213847/"
"128","tt0048028","Tue Feb 23 22:01:13 2016","Tue Feb 23 22:01:13 2016","","East of Eden","Feature Film","Elia Kazan","","8.0","115","1955","drama, romance","30652","1955-03-09","http://www.imdb.com/title/tt0048028/"
"129","tt0100873","Tue Feb 23 22:01:14 2016","Tue Feb 23 22:01:14 2016","","Vincent & Theo","Feature Film","Robert Altman","","7.1","138","1990","biography, drama","2799","1990-04-27","http://www.imdb.com/title/tt0100873/"
"130","tt0117791","Tue Feb 23 22:01:15 2016","Tue Feb 23 22:01:15 2016","","Surviving Picasso","Feature Film","James Ivory","","6.4","125","1996","biography, drama, romance","5795","1996-09-04","http://www.imdb.com/title/tt0117791/"
"131","tt0256084","Tue Feb 23 22:01:18 2016","Tue Feb 23 22:01:18 2016","","How Harry Became a Tree","Feature Film","Goran Paskaljevic","","6.8","99","2001","drama","673","2001-09-13","http://www.imdb.com/title/tt0256084/"
"132","tt0298046","Tue Feb 23 22:04:45 2016","Tue Feb 23 22:04:45 2016","","Monsieur René Magritte","Documentary","Adrian Maben","","7.5","50","1978","documentary","42","1978","http://www.imdb.com/title/tt0298046/"
"133","tt0042192","Tue Feb 23 22:04:48 2016","Tue Feb 23 22:04:48 2016","","All About Eve","Feature Film","Joseph L. Mankiewicz","","8.3","138","1950","drama","83356","1950-10-13","http://www.imdb.com/title/tt0042192/"
"134","tt0048605","Tue Feb 23 22:04:53 2016","Tue Feb 23 22:04:53 2016","","The Seven Year Itch","Feature Film","Billy Wilder","","7.2","105","1955","comedy, romance","25599","1955-06-03","http://www.imdb.com/title/tt0048605/"
"135","tt0071877","Tue Feb 23 22:04:56 2016","Tue Feb 23 22:04:56 2016","","Murder on the Orient Express","Feature Film","Sidney Lumet","","7.3","128","1974","crime, drama, mystery","36516","1974-11-21","http://www.imdb.com/title/tt0071877/"
"136","tt0057427","Tue Feb 23 22:04:58 2016","Tue Feb 23 22:04:58 2016","","Le procès","Feature Film","Orson Welles","","7.9","119","1962","drama, mystery, thriller","13829","1962-12-21","http://www.imdb.com/title/tt0057427/"
"137","tt0417871","Tue Feb 23 22:05:00 2016","Tue Feb 23 22:05:00 2016","","Klimt","Feature Film","Raúl Ruiz","","5.1","131","2006","biography, drama","2337","2006-01-28","http://www.imdb.com/title/tt0417871/"
"138","tt0183659","Tue Feb 23 22:05:02 2016","Tue Feb 23 22:05:02 2016","","Pollock","Feature Film","Ed Harris","","7.0","122","2000","biography, drama","23080","2000-09-06","http://www.imdb.com/title/tt0183659/"
"139","tt0367188","Tue Feb 23 22:05:03 2016","Tue Feb 23 22:05:03 2016","","Modigliani","Feature Film","Mick Davis","","7.4","128","2004","biography, drama","8389","2004-09-16","http://www.imdb.com/title/tt0367188/"
"140","tt0080073","Tue Feb 23 22:05:05 2016","Tue Feb 23 22:05:05 2016","","V moey smerti proshu vinit Klavu K.","Feature Film","Nikolay Lebedev, Ernest Yasan","","7.3","76","1979","drama, romance","188","1979","http://www.imdb.com/title/tt0080073/"
"141","tt0068646","Tue Feb 23 22:05:07 2016","Tue Feb 23 22:05:07 2016","","The Godfather","Feature Film","Francis Ford Coppola","","9.2","175","1972","crime, drama","1160717","1972-03-14","http://www.imdb.com/title/tt0068646/"
"142","tt0103772","Tue Feb 23 22:05:18 2016","Tue Feb 23 22:05:18 2016","","Basic Instinct","Feature Film","Paul Verhoeven","","6.9","127","1992","drama, mystery, romance, thriller","134195","1992-03-20","http://www.imdb.com/title/tt0103772/"
"143","tt0092879","Tue Feb 23 22:05:20 2016","Tue Feb 23 22:05:20 2016","","Desyat negrityat","Feature Film","Stanislav Govorukhin","","8.0","137","1987","crime, mystery","1538","1987","http://www.imdb.com/title/tt0092879/"
"144","tt0055601","Tue Feb 23 22:09:11 2016","Tue Feb 23 22:09:11 2016","","Viridiana","Feature Film","Luis Buñuel","","8.3","90","1961","comedy, drama","16252","1961-05-19","http://www.imdb.com/title/tt0055601/"
"145","tt0061395","Tue Feb 23 22:09:13 2016","Tue Feb 23 22:09:13 2016","","Belle de jour","Feature Film","Luis Bunuel","","7.8","101","1967","drama","29311","1967-05-24","http://www.imdb.com/title/tt0061395/"
"146","tt0059719","Tue Feb 23 22:09:14 2016","Tue Feb 23 22:09:14 2016","","Simón del desierto","Short Film","Luis Buñuel","","8.0","43","1965","comedy, drama, fantasy","6937","1965","http://www.imdb.com/title/tt0059719/"
"147","tt0071487","Tue Feb 23 22:09:16 2016","Tue Feb 23 22:09:16 2016","","Le fantôme de la liberté","Feature Film","Luis Buñuel","","8.0","104","1974","comedy","10364","1974-09-11","http://www.imdb.com/title/tt0071487/"
"148","tt0075824","Tue Feb 23 22:09:18 2016","Tue Feb 23 22:09:18 2016","","Cet obscur objet du désir","Feature Film","Luis Bunuel","","8.0","102","1977","comedy, drama","14850","1977-08-17","http://www.imdb.com/title/tt0075824/"
"149","tt0088635","Tue Feb 23 22:09:19 2016","Tue Feb 23 22:09:19 2016","","V poiskakh kapitana Granta","Mini-Series","Stanislav Govorukhin","","8.3","455","1986","adventure","582","1986-03-13","http://www.imdb.com/title/tt0088635/"
"150","tt0070460","Tue Feb 23 22:09:21 2016","Tue Feb 23 22:09:21 2016","","La nuit américaine","Feature Film","François Truffaut","","8.1","115","1973","comedy, drama, romance","14561","1973-05-14","http://www.imdb.com/title/tt0070460/"
"151","tt0068361","Tue Feb 23 22:09:23 2016","Tue Feb 23 22:09:23 2016","","Le charme discret de la bourgeoisie","Feature Film","Luis Bunuel","","8.0","102","1972","comedy, drama, fantasy","27274","1972-09-15","http://www.imdb.com/title/tt0068361/"
"152","tt0054632","Tue Feb 23 22:09:24 2016","Tue Feb 23 22:09:24 2016","","L'année dernière à Marienbad","Feature Film","Alain Resnais","","7.9","94","1961","drama, mystery","14315","1961-06-25","http://www.imdb.com/title/tt0054632/"
"153","tt0256009","Tue Feb 23 22:09:25 2016","Tue Feb 23 22:09:25 2016","","El espinazo del diablo","Feature Film","Guillermo del Toro","","7.5","106","2001","drama, fantasy, horror","48051","2001-04-20","http://www.imdb.com/title/tt0256009/"
"154","tt0053964","Tue Feb 23 22:09:27 2016","Tue Feb 23 22:09:27 2016","","Les jeux de l'amour","Feature Film","Philippe de Broca","","7.3","86","1960","comedy","58","1960-06-01","http://www.imdb.com/title/tt0053964/"
"155","tt0066989","Tue Feb 23 22:09:28 2016","Tue Feb 23 22:09:28 2016","","Les deux Anglaises et le continent","Feature Film","François Truffaut","","7.5","130","1971","romance, drama","3574","1971-11-18","http://www.imdb.com/title/tt0066989/"
"156","tt0401711","Tue Feb 23 22:09:30 2016","Tue Feb 23 22:09:30 2016","","Paris, je t'aime","Feature Film","Olivier Assayas, Frédéric Auburtin","","7.3","120","2006","comedy, drama, romance","63192","2006-05-18","http://www.imdb.com/title/tt0401711/"
"157","tt0825232","Tue Feb 23 22:11:40 2016","Tue Feb 23 22:11:40 2016","","The Bucket List","Feature Film","Rob Reiner","","7.4","97","2007","adventure, comedy, drama","185404","2007-12-16","http://www.imdb.com/title/tt0825232/"
"158","tt0477348","Tue Feb 23 22:11:44 2016","Tue Feb 23 22:11:44 2016","","No Country for Old Men","Feature Film","Ethan Coen, Joel Coen","","8.1","122","2007","crime, drama, thriller","616019","2007-05-19","http://www.imdb.com/title/tt0477348/"
"159","tt1164999","Tue Feb 23 22:11:46 2016","Tue Feb 23 22:11:46 2016","","Biutiful","Feature Film","Alejandro González Iñárritu","","7.5","148","2010","drama, romance","69152","2010-05-17","http://www.imdb.com/title/tt1164999/"
"160","tt0366627","Tue Feb 23 22:11:49 2016","Tue Feb 23 22:11:49 2016","","The Jacket","Feature Film","John Maybury","","7.1","103","2005","drama, mystery, sci_fi, thriller","93142","2005-01-23","http://www.imdb.com/title/tt0366627/"
"161","tt2106476","Tue Feb 23 22:11:51 2016","Tue Feb 23 22:11:51 2016","","Jagten","Feature Film","Thomas Vinterberg","","8.3","115","2012","drama","171424","2012-05-20","http://www.imdb.com/title/tt2106476/"
"162","tt0376541","Tue Feb 23 22:11:52 2016","Tue Feb 23 22:11:52 2016","","Closer","Feature Film","Mike Nichols","","7.3","104","2004","drama, romance","168712","2004-11-22","http://www.imdb.com/title/tt0376541/"
"163","tt0765120","Tue Feb 23 22:11:53 2016","Tue Feb 23 22:11:53 2016","","My Blueberry Nights","Feature Film","Kar Wai Wong","","6.7","95","2007","drama, romance","44335","2007-05-16","http://www.imdb.com/title/tt0765120/"
"164","tt0344510","Tue Feb 23 22:11:56 2016","Tue Feb 23 22:11:56 2016","","Un long dimanche de fiançailles","Feature Film","Jean-Pierre Jeunet","","7.7","133","2004","drama, mystery, romance, war","62764","2004-10-27","http://www.imdb.com/title/tt0344510/"
"165","tt0058361","Tue Feb 23 22:17:16 2016","Tue Feb 23 22:17:16 2016","","Mne dvadtsat let","Feature Film","Marlen Khutsiev","","8.0","189","1965","drama","585","1965-01-18","http://www.imdb.com/title/tt0058361/"
"166","tt2402085","Tue Feb 23 22:27:47 2016","Tue Feb 23 22:27:47 2016","","Jimi: All Is by My Side","Feature Film","John Ridley","","5.6","118","2013","biography, drama, music","4020","2013-09-07","http://www.imdb.com/title/tt2402085/"
"167","tt1315981","Tue Feb 23 22:27:49 2016","Tue Feb 23 22:27:49 2016","","A Single Man","Feature Film","Tom Ford","","7.6","99","2009","drama, romance","83488","2009-09-11","http://www.imdb.com/title/tt1315981/"
"168","tt0062952","Tue Feb 23 22:27:52 2016","Tue Feb 23 22:27:52 2016","","Faces","Feature Film","John Cassavetes","","7.7","130","1968","drama","6802","1968-03","http://www.imdb.com/title/tt0062952/"
"169","tt0051983","Tue Feb 23 22:30:19 2016","Tue Feb 23 22:30:19 2016","","Nazarín","Feature Film","Luis Buñuel","","8.0","94","1959","drama","3672","1959-06-04","http://www.imdb.com/title/tt0051983/"
"170","tt0042804","Tue Feb 23 22:30:24 2016","Tue Feb 23 22:30:24 2016","","Los olvidados","Feature Film","Luis Buñuel","","8.3","85","1950","crime, drama","13428","1950-11-09","http://www.imdb.com/title/tt0042804/"
"171","tt0048434","Tue Feb 23 22:30:27 2016","Tue Feb 23 22:30:27 2016","","Nuit et brouillard","Documentary","Alain Resnais","","8.6","32","1956","documentary, history, war","12739","1956-01","http://www.imdb.com/title/tt0048434/"
"172","tt0108167","Tue Feb 23 22:30:37 2016","Tue Feb 23 22:30:37 2016","","Smoking/No Smoking","Feature Film","Alain Resnais","","7.6","298","1993","comedy","1410","1993-12-15","http://www.imdb.com/title/tt0108167/"
"173","tt4385026","Tue Feb 23 22:30:39 2016","Tue Feb 23 22:30:39 2016","","Providence","Feature Film","Sharon Wilharm","","7.7","79","2016","drama, romance","44","2016-02-12","http://www.imdb.com/title/tt4385026/"
"174","tt0076574","Tue Feb 23 22:30:41 2016","Tue Feb 23 22:30:41 2016","","Providence","Feature Film","Alain Resnais","","8.0","110","1977","drama","2301","1977-01-25","http://www.imdb.com/title/tt0076574/"
"175","tt0081176","Tue Feb 23 22:30:46 2016","Tue Feb 23 22:30:46 2016","","Mon oncle d'Amérique","Feature Film","Alain Resnais","","8.0","125","1980","comedy, drama, romance","3413","1980-05-20","http://www.imdb.com/title/tt0081176/"
"176","tt2397619","Tue Feb 23 22:30:49 2016","Tue Feb 23 22:30:49 2016","","Woody Allen: A Documentary","Documentary","Robert B. Weide","","7.7","195","2012","documentary, biography","3908","2012-05-30","http://www.imdb.com/title/tt2397619/"
"177","tt0167896","Tue Feb 23 22:30:50 2016","Tue Feb 23 22:30:50 2016","","Dikaya sobaka Dingo","Feature Film","Yuli Karasik","","7.8","97","1962","drama, romance","81","1962","http://www.imdb.com/title/tt0167896/"
"178","tt0323703","Tue Feb 23 22:30:54 2016","Tue Feb 23 22:30:54 2016","","Priklyucheniya Petrova i Vasechkina, obyknovennye i neveroyatnye","TV Movie","Vladimir Alenikov","","8.0","","1983","comedy, family, musical","280","1983","http://www.imdb.com/title/tt0323703/"
"179","tt0097165","Tue Feb 23 22:30:57 2016","Tue Feb 23 22:30:57 2016","","Dead Poets Society","Feature Film","Peter Weir","","8.0","128","1989","comedy, drama","278625","1989-06-02","http://www.imdb.com/title/tt0097165/"
"180","tt0182789","Tue Feb 23 22:31:12 2016","Tue Feb 23 22:31:12 2016","","Bicentennial Man","Feature Film","Chris Columbus","","6.8","132","1999","comedy, drama, sci_fi","88169","1999-12-13","http://www.imdb.com/title/tt0182789/"
"181","tt0088847","Tue Feb 23 22:31:15 2016","Tue Feb 23 22:31:15 2016","","The Breakfast Club","Feature Film","John Hughes","","7.9","97","1985","comedy, drama","258346","1985-02-07","http://www.imdb.com/title/tt0088847/"
"182","tt0095953","Tue Feb 23 22:31:17 2016","Tue Feb 23 22:31:17 2016","","Rain Man","Feature Film","Barry Levinson","","8.0","133","1988","drama","384848","1988-12-12","http://www.imdb.com/title/tt0095953/"
"183","tt0104181","Tue Feb 23 22:31:53 2016","Tue Feb 23 22:31:53 2016","","Wuthering Heights","Feature Film","Peter Kosminsky","","6.9","105","1992","drama, history, romance","9678","1992-08-25","http://www.imdb.com/title/tt0104181/"
"184","tt0100168","Tue Feb 23 22:32:50 2016","Tue Feb 23 22:32:50 2016","","Mo' Better Blues","Feature Film","Spike Lee","","6.5","129","1990","drama, music, romance","8323","1990-08-03","http://www.imdb.com/title/tt0100168/"
"185","tt0077815","Tue Feb 23 22:37:49 2016","Tue Feb 23 22:37:49 2016","","Kogda ya stanu velikanom","Feature Film","Inna Tumanyan","","7.2","87","1979","romance","144","1979-08","http://www.imdb.com/title/tt0077815/"
"186","tt0086462","Tue Feb 23 22:37:52 2016","Tue Feb 23 22:37:52 2016","","Patsany","Feature Film","Dinara Asanova","","7.4","96","1983","crime, drama","188","1983-09","http://www.imdb.com/title/tt0086462/"
"187","tt0162222","Tue Feb 23 22:37:57 2016","Tue Feb 23 22:37:57 2016","","Cast Away","Feature Film","Robert Zemeckis","","7.7","143","2000","adventure, drama, romance","395920","2000-12-07","http://www.imdb.com/title/tt0162222/"
"188","tt1979320","Tue Feb 23 22:38:06 2016","Tue Feb 23 22:38:06 2016","","Rush","Feature Film","Ron Howard","","8.1","123","2013","action, biography, drama, sport","314431","2013-09-02","http://www.imdb.com/title/tt1979320/"
"189","tt0074291","Tue Feb 23 22:38:10 2016","Tue Feb 23 22:38:10 2016","","Il Casanova di Federico Fellini","Feature Film","Federico Fellini","","7.1","155","1976","biography, drama, history, romance","5096","1976-12-07","http://www.imdb.com/title/tt0074291/"
"190","tt0053779","Tue Feb 23 22:38:22 2016","Tue Feb 23 22:38:22 2016","","La dolce vita","Feature Film","Federico Fellini","","8.1","174","1960","comedy, drama","49322","1960-02-03","http://www.imdb.com/title/tt0053779/"
"191","tt0050783","Tue Feb 23 22:38:25 2016","Tue Feb 23 22:38:25 2016","","Le notti di Cabiria","Feature Film","Federico Fellini","","8.2","110","1957","drama","26154","1957-05-10","http://www.imdb.com/title/tt0050783/"
"192","tt0098606","Tue Feb 23 22:38:29 2016","Tue Feb 23 22:38:29 2016","","La voce della luna","Feature Film","Federico Fellini","","6.4","122","1990","comedy, drama","1602","1990-01-31","http://www.imdb.com/title/tt0098606/"
"193","tt0070359","Tue Feb 23 22:38:36 2016","Tue Feb 23 22:38:36 2016","","La maman et la putain","Feature Film","Jean Eustache","","8.2","217","1973","drama, romance","3510","1973-05-17","http://www.imdb.com/title/tt0070359/"
"194","tt0062907","Tue Feb 23 22:42:35 2016","Tue Feb 23 22:42:35 2016","","Dozhivem do ponedelnika","Feature Film","Stanislav Rostotskiy","","8.1","106","1968","drama, romance","691","1968-10-28","http://www.imdb.com/title/tt0062907/"
"195","tt0147806","Tue Feb 23 22:42:39 2016","Tue Feb 23 22:42:39 2016","","A esli eto lyubov?","Feature Film","Yuli Raizman","","7.3","102","1962","drama","134","1962-03-19","http://www.imdb.com/title/tt0147806/"
"196","tt0075155","Tue Feb 23 22:42:47 2016","Tue Feb 23 22:42:47 2016","","Rozygrysh","Feature Film","Vladimir Menshov","","7.3","96","1977","romance","190","1977-01-10","http://www.imdb.com/title/tt0075155/"
"197","tt1082868","Tue Feb 23 22:42:55 2016","Tue Feb 23 22:42:55 2016","","Quarantine","Feature Film","John Erick Dowdle","","6.0","89","2008","horror, sci_fi, thriller","57594","2008-10-10","http://www.imdb.com/title/tt1082868/"
"198","tt0070544","Tue Feb 23 22:43:03 2016","Tue Feb 23 22:43:03 2016","","La planète sauvage","Feature Film","René Laloux","","7.8","72","1973","animation, drama, sci_fi","13426","1973-05","http://www.imdb.com/title/tt0070544/"
"199","tt0095525","Tue Feb 23 22:43:05 2016","Tue Feb 23 22:43:05 2016","","Gandahar","Feature Film","René Laloux","","7.1","78","1988","adventure, sci_fi, animation, fantasy","2765","1988-01-28","http://www.imdb.com/title/tt0095525/"
"200","tt0084315","Tue Feb 23 22:43:07 2016","Tue Feb 23 22:43:07 2016","","Les maîtres du temps","Feature Film","René Laloux","","7.5","78","1982","animation, adventure, sci_fi","3792","1982-03-24","http://www.imdb.com/title/tt0084315/"
"201","tt0259499","Tue Feb 23 22:43:09 2016","Tue Feb 23 22:43:09 2016","","Pereval","Short Film","Vladimir Tarasov","","7.3","31","1988","animation, sci_fi","187","1988","http://www.imdb.com/title/tt0259499/"
"202","tt0244807","Tue Feb 23 22:43:10 2016","Tue Feb 23 22:43:10 2016","","Soul to Soul","Documentary","Denis Sanders","","8.2","96","1971","documentary, music","53","1971-08-18","http://www.imdb.com/title/tt0244807/"
"203","tt0212720","Tue Feb 23 22:43:15 2016","Tue Feb 23 22:43:15 2016","","Artificial Intelligence: AI","Feature Film","Steven Spielberg","","7.1","146","2001","adventure, drama, sci_fi","239468","2001-06-26","http://www.imdb.com/title/tt0212720/"
"204","tt0060176","Tue Feb 23 22:43:25 2016","Tue Feb 23 22:43:25 2016","","Blowup","Feature Film","Michelangelo Antonioni","","7.7","111","1966","crime, drama, mystery, thriller","41287","1966-12-18","http://www.imdb.com/title/tt0060176/"
"205","tt0054130","Tue Feb 23 22:43:31 2016","Tue Feb 23 22:43:31 2016","","La notte","Feature Film","Michelangelo Antonioni","","8.0","115","1961","drama","11391","1961-01-24","http://www.imdb.com/title/tt0054130/"
"206","tt0056736","Tue Feb 23 22:43:34 2016","Tue Feb 23 22:43:34 2016","","L'eclisse","Feature Film","Michelangelo Antonioni","","7.9","126","1962","drama, romance","11672","1962-03","http://www.imdb.com/title/tt0056736/"
"207","tt0058003","Tue Feb 23 22:43:37 2016","Tue Feb 23 22:43:37 2016","","Il deserto rosso","Feature Film","Michelangelo Antonioni","","7.7","117","1964","drama","9160","1964-09-07","http://www.imdb.com/title/tt0058003/"
"208","tt0067277","Tue Feb 23 22:43:43 2016","Tue Feb 23 22:43:43 2016","","Johnny Got His Gun","Feature Film","Dalton Trumbo","","7.9","111","1971","drama, war","11911","1971-05-14","http://www.imdb.com/title/tt0067277/"
"209","tt0460740","Tue Feb 23 22:44:47 2016","Tue Feb 23 22:44:47 2016","","Cashback","Feature Film","Sean Ellis","","7.2","102","2006","comedy, drama, romance","72830","2006-09-10","http://www.imdb.com/title/tt0460740/"
"210","tt0347976","Tue Feb 23 22:44:55 2016","Tue Feb 23 22:44:55 2016","","Sergey Lazo","Feature Film","Aleksandr Gordon","","7.4","89","1968","drama","32","1968","http://www.imdb.com/title/tt0347976/"
"211","tt0480669","Tue Feb 23 23:04:45 2016","Tue Feb 23 23:04:45 2016","","Los cronocrímenes","Feature Film","Nacho Vigalondo","","7.2","92","2007","horror, mystery, sci_fi, thriller","41163","2007-09-20","http://www.imdb.com/title/tt0480669/"
"212","tt1385826","Tue Feb 23 23:04:53 2016","Tue Feb 23 23:04:53 2016","","The Adjustment Bureau","Feature Film","George Nolfi","","7.1","106","2011","romance, sci_fi, thriller","200688","2011-02-26","http://www.imdb.com/title/tt1385826/"
"213","tt1549572","Tue Feb 23 23:04:55 2016","Tue Feb 23 23:04:55 2016","","Another Earth","Feature Film","Mike Cahill","","7.0","92","2011","drama, romance, sci_fi","71743","2011-01-24","http://www.imdb.com/title/tt1549572/"
"214","tt1191111","Tue Feb 23 23:04:56 2016","Tue Feb 23 23:04:56 2016","","Enter the Void","Feature Film","Gaspar Noé","","7.3","161","2009","drama, fantasy","45751","2009-05-22","http://www.imdb.com/title/tt1191111/"
"215","tt2582496","Tue Feb 23 23:05:02 2016","Tue Feb 23 23:05:02 2016","","Me and Earl and the Dying Girl","Feature Film","Alfonso Gomez-Rejon","","7.8","105","2015","comedy, drama","78521","2015-01-25","http://www.imdb.com/title/tt2582496/"
"216","tt0204736","Tue Feb 23 23:05:05 2016","Tue Feb 23 23:05:05 2016","","Wege in die Nacht","Feature Film","Andreas Kleinert","","7.2","98","1999","thriller, drama","156","1999-05","http://www.imdb.com/title/tt0204736/"
"217","tt0118929","Tue Feb 23 23:05:17 2016","Tue Feb 23 23:05:17 2016","","Dark City","Feature Film","Alex Proyas","","7.7","100","1998","action, drama, fantasy, mystery, romance, sci_fi, thriller","157381","1998-02-27","http://www.imdb.com/title/tt0118929/"
"218","tt1187064","Tue Feb 23 23:05:26 2016","Tue Feb 23 23:05:26 2016","","Triangle","Feature Film","Christopher Smith","","6.9","99","2009","fantasy, mystery, thriller","64933","2009-08-27","http://www.imdb.com/title/tt1187064/"
"219","tt0053619","Tue Feb 23 23:06:39 2016","Tue Feb 23 23:06:39 2016","","L'avventura","Feature Film","Michelangelo Antonioni","","8.0","143","1960","drama, mystery","18041","1960-05-15","http://www.imdb.com/title/tt0053619/"
"220","tt0105695","Tue Feb 23 23:06:43 2016","Tue Feb 23 23:06:43 2016","","Unforgiven","Feature Film","Clint Eastwood","","8.3","131","1992","drama, western","278700","1992-08-03","http://www.imdb.com/title/tt0105695/"
"221","tt0084088","Tue Feb 23 23:06:45 2016","Tue Feb 23 23:06:45 2016","","Honkytonk Man","Feature Film","Clint Eastwood","","6.6","122","1982","comedy, drama, music, western","6113","1982-12-15","http://www.imdb.com/title/tt0084088/"
"222","tt0111438","Tue Feb 23 23:06:46 2016","Tue Feb 23 23:06:46 2016","","Timecop","Feature Film","Peter Hyams","","5.8","99","1994","action, crime, sci_fi, thriller","44576","1994-09-16","http://www.imdb.com/title/tt0111438/"
"223","tt0021749","Tue Feb 23 23:10:52 2016","Tue Feb 23 23:10:52 2016","","City Lights","Feature Film","Charles Chaplin","","8.6","87","1931","comedy, drama, romance","108829","1931-01-30","http://www.imdb.com/title/tt0021749/"
"224","tt0050986","Tue Feb 23 23:10:54 2016","Tue Feb 23 23:10:54 2016","","Smultronstället","Feature Film","Ingmar Bergman","","8.2","91","1957","drama, romance","63433","1957-12-26","http://www.imdb.com/title/tt0050986/"
"225","tt2591814","Tue Feb 23 23:11:01 2016","Tue Feb 23 23:11:01 2016","","Koto no ha no niwa","Feature Film","Makoto Shinkai","","7.6","46","2013","animation, drama, romance","8799","2013-05-31","http://www.imdb.com/title/tt2591814/"
"226","tt0058625","Tue Feb 23 23:11:03 2016","Tue Feb 23 23:11:03 2016","","Suna no onna","Feature Film","Hiroshi Teshigahara","","8.5","123","1964","drama, thriller","11314","1964-02-15","http://www.imdb.com/title/tt0058625/"
"227","tt0061996","Tue Feb 23 23:11:04 2016","Tue Feb 23 23:11:04 2016","","Mouchette","Feature Film","Robert Bresson","","7.8","78","1967","drama","7062","1967-03-14","http://www.imdb.com/title/tt0061996/"
"228","tt0060827","Tue Feb 23 23:11:06 2016","Tue Feb 23 23:11:06 2016","","Persona","Feature Film","Ingmar Bergman","","8.1","85","1966","drama, thriller","62056","1966-10-18","http://www.imdb.com/title/tt0060827/"
"229","tt0047478","Tue Feb 23 23:11:08 2016","Tue Feb 23 23:11:08 2016","","Shichinin no samurai","Feature Film","Akira Kurosawa","","8.7","207","1954","action, adventure, drama","229948","1954-04-26","http://www.imdb.com/title/tt0047478/"
"230","tt0057358","Tue Feb 23 23:11:17 2016","Tue Feb 23 23:11:17 2016","","Nattvardsgästerna","Feature Film","Ingmar Bergman","","8.1","81","1963","drama","14095","1963-02-09","http://www.imdb.com/title/tt0057358/"
"231","tt0042619","Tue Feb 23 23:11:19 2016","Tue Feb 23 23:11:19 2016","","Journal d'un curé de campagne","Feature Film","Robert Bresson","","8.0","115","1951","drama","6764","1951-02-07","http://www.imdb.com/title/tt0042619/"
"232","tt0057115","Tue Feb 23 23:16:44 2016","Tue Feb 23 23:16:44 2016","","The Great Escape","Feature Film","John Sturges","","8.3","172","1963","adventure, drama, history, thriller, war","166344","1963-06-20","http://www.imdb.com/title/tt0057115/"
"233","tt0106677","Tue Feb 23 23:16:46 2016","Tue Feb 23 23:16:46 2016","","Dazed and Confused","Feature Film","Richard Linklater","","7.7","102","1993","comedy","120756","1993-08","http://www.imdb.com/title/tt0106677/"
"234","tt0074285","Tue Feb 23 23:16:47 2016","Tue Feb 23 23:16:47 2016","","Carrie","Feature Film","Brian De Palma","","7.4","98","1976","horror","126355","1976-11-03","http://www.imdb.com/title/tt0074285/"
"235","tt0074174","Tue Feb 23 23:16:48 2016","Tue Feb 23 23:16:48 2016","","The Bad News Bears","Feature Film","Michael Ritchie","","7.3","102","1976","comedy, drama, family, sport","16364","1976-04-06","http://www.imdb.com/title/tt0074174/"
"236","tt0067610","Tue Feb 23 23:16:54 2016","Tue Feb 23 23:16:54 2016","","Pretty Maids All in a Row","Feature Film","Roger Vadim","","6.2","91","1971","comedy, crime, mystery, thriller","1446","1971-02-26","http://www.imdb.com/title/tt0067610/"
"237","tt0032599","Tue Feb 23 23:16:56 2016","Tue Feb 23 23:16:56 2016","","His Girl Friday","Feature Film","Howard Hawks","","8.0","92","1940","comedy, drama, romance","41243","1940-01-11","http://www.imdb.com/title/tt0032599/"
"238","tt0076637","Tue Feb 23 23:16:58 2016","Tue Feb 23 23:16:58 2016","","Rolling Thunder","Feature Film","John Flynn","","7.0","95","1977","action, drama, crime, thriller","5264","1977-10-14","http://www.imdb.com/title/tt0076637/"
"239","tt0046478","Tue Feb 23 23:16:59 2016","Tue Feb 23 23:16:59 2016","","Ugetsu monogatari","Feature Film","Kenji Mizoguchi","","8.2","96","1953","drama, fantasy, war","14330","1953-03-26","http://www.imdb.com/title/tt0046478/"
"240","tt0078480","Tue Feb 23 23:17:01 2016","Tue Feb 23 23:17:01 2016","","Watership Down","Feature Film","Martin Rosen","","7.7","91","1978","animation, adventure, drama, fantasy, thriller","25155","1978-10-14","http://www.imdb.com/title/tt0078480/"
"241","tt0090315","Tue Feb 23 23:17:02 2016","Tue Feb 23 23:17:02 2016","","When the Wind Blows","Feature Film","Jimmy T. Murakami","","7.8","80","1986","animation, comedy, drama, war","7202","1986-10-24","http://www.imdb.com/title/tt0090315/"
"242","tt0049730","Tue Feb 23 23:19:56 2016","Tue Feb 23 23:19:56 2016","","The Searchers","Feature Film","John Ford","","8.0","119","1956","adventure, drama, western","62174","1956-03-13","http://www.imdb.com/title/tt0049730/"
"243","tt0060196","Tue Feb 23 23:19:58 2016","Tue Feb 23 23:19:58 2016","","Il buono, il brutto, il cattivo","Feature Film","Sergio Leone","9","8.9","161","1966","western","505605","1966-12-23","http://www.imdb.com/title/tt0060196/"
"244","tt0055399","Tue Feb 23 23:22:17 2016","Tue Feb 23 23:22:17 2016","","Salvatore Giuliano","Feature Film","Francesco Rosi","","7.5","123","1962","crime, drama, history, mystery","1960","1962-02-28","http://www.imdb.com/title/tt0055399/"
"245","tt0043972","Tue Feb 23 23:22:33 2016","Tue Feb 23 23:22:33 2016","","The River","Feature Film","Jean Renoir","","7.6","99","1951","drama, romance","4124","1951-09-10","http://www.imdb.com/title/tt0043972/"
"246","tt0040725","Tue Feb 23 23:24:32 2016","Tue Feb 23 23:24:32 2016","","The Red Shoes","Feature Film","Michael Powell, Emeric Pressburger","","8.3","133","1948","drama, music, romance","20193","1948-07-20","http://www.imdb.com/title/tt0040725/"
"247","tt0057091","Tue Feb 23 23:26:00 2016","Tue Feb 23 23:26:00 2016","","Il gattopardo","Feature Film","Luchino Visconti","","8.1","187","1963","drama, history","16350","1963-03-27","http://www.imdb.com/title/tt0057091/"
"248","tt0081398","Tue Feb 23 23:27:16 2016","Tue Feb 23 23:27:16 2016","","Raging Bull","Feature Film","Martin Scorsese","","8.3","129","1980","biography, drama, sport","236113","1980-11-14","http://www.imdb.com/title/tt0081398/"
"249","tt0085794","Tue Feb 23 23:27:18 2016","Tue Feb 23 23:27:18 2016","","The King of Comedy","Feature Film","Martin Scorsese","","7.8","109","1982","comedy, crime, drama, thriller","52295","1982-12-18","http://www.imdb.com/title/tt0085794/"
"250","tt0055630","Tue Feb 23 23:27:21 2016","Tue Feb 23 23:27:21 2016","","Yôjinbô","Feature Film","Akira Kurosawa","","8.3","110","1961","action, drama, thriller","74410","1961-04-25","http://www.imdb.com/title/tt0055630/"
"251","tt0033467","Tue Feb 23 23:27:23 2016","Tue Feb 23 23:27:23 2016","","Citizen Kane","Feature Film","Orson Welles","","8.4","119","1941","drama, mystery","299195","1941-05-01","http://www.imdb.com/title/tt0033467/"
"252","tt0054460","Tue Feb 23 23:28:42 2016","Tue Feb 23 23:28:42 2016","","Warui yatsu hodo yoku nemuru","Feature Film","Akira Kurosawa","","8.1","151","1960","crime, drama, thriller","7376","1960-09-15","http://www.imdb.com/title/tt0054460/"
"253","tt0028950","Tue Feb 23 23:28:56 2016","Tue Feb 23 23:28:56 2016","","La grande illusion","Feature Film","Jean Renoir","","8.1","114","1937","drama, war","26854","1937-06-04","http://www.imdb.com/title/tt0028950/"
"254","tt0042876","Tue Feb 23 23:29:06 2016","Tue Feb 23 23:29:06 2016","","Rashômon","Feature Film","Akira Kurosawa","","8.3","88","1950","crime, drama, mystery","103094","1950-08-26","http://www.imdb.com/title/tt0042876/"
"255","tt0050976","Tue Feb 23 23:29:23 2016","Tue Feb 23 23:29:23 2016","","Det sjunde inseglet","Feature Film","Ingmar Bergman","","8.2","96","1957","drama, fantasy","112429","1957-02-16","http://www.imdb.com/title/tt0050976/"
"256","tt0040522","Tue Feb 23 23:29:39 2016","Tue Feb 23 23:29:39 2016","","Ladri di biciclette","Feature Film","Vittorio De Sica","","8.3","89","1948","drama","94939","1948-11-24","http://www.imdb.com/title/tt0040522/"
"257","tt0055032","Tue Feb 23 23:40:43 2016","Tue Feb 23 23:40:43 2016","","Jules et Jim","Feature Film","François Truffaut","","7.9","105","1962","drama, romance","27534","1962-01-23","http://www.imdb.com/title/tt0055032/"
"258","tt0276919","Tue Feb 23 23:40:59 2016","Tue Feb 23 23:40:59 2016","","Dogville","Feature Film","Lars Von Trier","","8.1","178","2003","crime, drama","107919","2003-05-19","http://www.imdb.com/title/tt0276919/"
"259","tt0049261","Tue Feb 23 23:41:48 2016","Tue Feb 23 23:41:48 2016","","Giant","Feature Film","George Stevens","","7.7","201","1956","drama, western","26388","1956-10-10","http://www.imdb.com/title/tt0049261/"
"260","tt0409799","Tue Feb 23 23:42:04 2016","Tue Feb 23 23:42:04 2016","","Cashback","Short Film","Sean Ellis","","7.7","18","2004","comedy, drama","8272","2004-08-01","http://www.imdb.com/title/tt0409799/"
"261","tt0364569","Tue Feb 23 23:42:12 2016","Tue Feb 23 23:42:12 2016","","Oldeuboi","Feature Film","Chan-wook Park","","8.4","120","2003","drama, mystery, thriller","358062","2003-11-21","http://www.imdb.com/title/tt0364569/"
"262","tt0340855","Thu Feb 25 11:03:32 2016","Thu Feb 25 11:03:32 2016","","Monster","Feature Film","Patty Jenkins","","7.3","109","2003","biography, crime, drama, thriller","105921","2003-11-16","http://www.imdb.com/title/tt0340855/"
"263","tt0358273","Thu Feb 25 11:03:35 2016","Thu Feb 25 11:03:35 2016","","Walk the Line","Feature Film","James Mangold","","7.9","136","2005","biography, drama, music, romance","189024","2005-09-04","http://www.imdb.com/title/tt0358273/"
"264","tt0112818","Thu Feb 25 11:04:35 2016","Thu Feb 25 11:04:35 2016","","Dead Man Walking","Feature Film","Tim Robbins","","7.6","122","1995","crime, drama","73395","1995-12-29","http://www.imdb.com/title/tt0112818/"
"265","tt2042568","Fri Feb 26 04:10:21 2016","Fri Feb 26 04:10:21 2016","","Inside Llewyn Davis","Feature Film","Ethan Coen, Joel Coen","","7.4","104","2013","drama, music","97035","2013-05-19","http://www.imdb.com/title/tt2042568/"
"266","tt0031971","Fri Feb 26 23:26:43 2016","Fri Feb 26 23:26:43 2016","","Stagecoach","Feature Film","John Ford","","7.9","96","1939","adventure, romance, western","31234","1939-02-15","http://www.imdb.com/title/tt0031971/"
"267","tt2371834","Sat Feb 27 04:46:29 2016","Sat Feb 27 04:46:29 2016","","Paradies: Hoffnung","Feature Film","Ulrich Seidl","","6.7","92","2013","drama","2891","2013-02-08","http://www.imdb.com/title/tt2371834/"
"268","tt0107207","Wed Mar  2 20:54:58 2016","Wed Mar  2 20:54:58 2016","","In the Name of the Father","Feature Film","Jim Sheridan","","8.1","133","1993","biography, drama, history","110313","1993-12-12","http://www.imdb.com/title/tt0107207/"
"269","tt3478962","Wed Mar  2 21:04:53 2016","Wed Mar  2 21:04:53 2016","","Mon roi","Feature Film","Maïwenn","","7.0","124","2015","drama, romance","3944","2015-05-17","http://www.imdb.com/title/tt3478962/"
"270","tt1895587","Wed Mar  2 22:13:44 2016","Wed Mar  2 22:13:44 2016","","Spotlight","Feature Film","Tom McCarthy","","8.1","128","2015","biography, crime, drama, history","201227","2015-09-03","http://www.imdb.com/title/tt1895587/"
"271","tt0169892","Wed Mar  2 22:39:17 2016","Wed Mar  2 22:39:17 2016","","Fantazii Faryateva","TV Movie","Ilya Averbakh","","8.3","","1982","comedy, drama","166","1982-01-25","http://www.imdb.com/title/tt0169892/"
"272","tt0446029","Wed Mar  2 23:11:08 2016","Wed Mar  2 23:11:08 2016","","Scott Pilgrim vs. the World","Feature Film","Edgar Wright","","7.5","112","2010","action, comedy, fantasy, romance","275193","2010-07-27","http://www.imdb.com/title/tt0446029/"
"273","tt0221559","Wed Mar  2 23:38:42 2016","Wed Mar  2 23:38:42 2016","","On the Edge","Feature Film","John Carney","","7.1","85","2001","drama","3101","2001-09-13","http://www.imdb.com/title/tt0221559/"
"274","tt0137315","Wed Mar  2 23:41:09 2016","Wed Mar  2 23:41:09 2016","","Looking After Jo Jo","TV Series","John Mackenzie","","8.1","50","1998","crime, drama","249","1998-01-12","http://www.imdb.com/title/tt0137315/"
"275","tt0253474","Wed Mar  2 23:58:46 2016","Wed Mar  2 23:58:46 2016","","The Pianist","Feature Film","Roman Polanski","9","8.5","150","2002","biography, drama, war","500478","2002-05-24","http://www.imdb.com/title/tt0253474/"
"276","tt0051959","Thu Mar  3 02:22:46 2016","Thu Mar  3 02:22:46 2016","","Murder by Contract","Feature Film","Irving Lerner","","7.4","81","1958","crime, drama, film_noir, thriller","1230","1958-12","http://www.imdb.com/title/tt0051959/"
"277","tt0036775","Thu Mar  3 02:23:35 2016","Thu Mar  3 02:23:35 2016","","Double Indemnity","Feature Film","Billy Wilder","","8.4","107","1944","crime, drama, film_noir, mystery, romance, thriller","98253","1944-04-24","http://www.imdb.com/title/tt0036775/"
"278","tt0406650","Fri Mar  4 00:32:34 2016","Fri Mar  4 00:32:34 2016","","The Chumscrubber","Feature Film","Arie Posin","","7.0","108","2005","comedy, drama","16333","2005-01-25","http://www.imdb.com/title/tt0406650/"
"279","tt0378194","Sat Mar 19 01:14:54 2016","Sat Mar 19 01:14:54 2016","","Kill Bill: Vol. 2","Feature Film","Quentin Tarantino","","8.0","137","2004","action, crime, drama, thriller","514791","2004-04-16","http://www.imdb.com/title/tt0378194/"
"280","tt2382009","Sat Mar 19 01:15:11 2016","Sat Mar 19 01:15:11 2016","","Nymphomaniac: Vol. II","Feature Film","Lars von Trier","","6.7","123","2013","drama","59501","2013-12-25","http://www.imdb.com/title/tt2382009/"
"281","tt0057694","Sat Mar 19 01:15:43 2016","Sat Mar 19 01:15:43 2016","","Ya shagayu po Moskve","Feature Film","Georgiy Daneliya","","8.0","78","1964","comedy, romance","1540","1964-04-11","http://www.imdb.com/title/tt0057694/"
"282","tt0072613","Sat Mar 19 01:15:48 2016","Sat Mar 19 01:15:48 2016","","Afonya","Feature Film","Georgiy Daneliya","","8.1","92","1975","comedy, drama, romance","2027","1975-10-13","http://www.imdb.com/title/tt0072613/"
"283","tt0065063","Sat Mar 19 01:15:59 2016","Sat Mar 19 01:15:59 2016","","Take the Money and Run","Feature Film","Woody Allen","","7.3","85","1969","comedy, crime","22867","1969-08-18","http://www.imdb.com/title/tt0065063/"
"284","tt2133196","Sun Mar 20 01:25:37 2016","Sun Mar 20 01:25:37 2016","","Born to Be Blue","Feature Film","Robert Budreau","","7.1","97","2015","biography, drama, music","1910","2015-09-13","http://www.imdb.com/title/tt2133196/"
"285","tt1451637","Sun Mar 20 01:26:21 2016","Sun Mar 20 01:26:21 2016","","The Deaths of Chet Baker","Short Film","Robert Budreau","","7.5","","2009","biography","32","2009","http://www.imdb.com/title/tt1451637/"
"286","tt0064612","Mon Apr  4 02:11:17 2016","Mon Apr  4 02:11:17 2016","","Ma nuit chez Maud","Feature Film","Éric Rohmer","","8.1","110","1969","comedy, drama, romance","6768","1969-05-15","http://www.imdb.com/title/tt0064612/"
"287","tt0065772","Mon Apr  4 02:11:19 2016","Mon Apr  4 02:11:19 2016","","Le genou de Claire","Feature Film","Éric Rohmer","","7.8","105","1970","comedy, drama, romance","5805","1970-12-11","http://www.imdb.com/title/tt0065772/"
"288","tt0087821","Mon Apr  4 02:11:20 2016","Mon Apr  4 02:11:20 2016","","Les nuits de la pleine lune","Feature Film","Éric Rohmer","","7.6","100","1984","drama, romance","2199","1984-08-29","http://www.imdb.com/title/tt0087821/"
"289","tt0115940","Mon Apr  4 02:17:26 2016","Mon Apr  4 02:17:26 2016","","Conte d'été","Feature Film","Éric Rohmer","","7.7","113","1996","comedy, drama, romance","4205","1996-06-05","http://www.imdb.com/title/tt0115940/"
"290","tt0068205","Mon Apr  4 02:18:40 2016","Mon Apr  4 02:18:40 2016","","L'amour l'après-midi","Feature Film","Éric Rohmer","","7.9","97","1972","drama, romance","4288","1972-09-01","http://www.imdb.com/title/tt0068205/"
"291","tt0046451","Mon Apr  4 02:26:15 2016","Mon Apr  4 02:26:15 2016","","Touchez pas au grisbi","Feature Film","Jacques Becker","","8.0","94","1954","crime, drama","4688","1954-03-17","http://www.imdb.com/title/tt0046451/"
"292","tt0053472","Mon Apr  4 02:28:36 2016","Mon Apr  4 02:28:36 2016","","À bout de souffle","Feature Film","Jean-Luc Godard","","8.0","90","1960","crime, drama","52211","1960-03-16","http://www.imdb.com/title/tt0053472/"
"293","tt0056846","Mon Apr  4 02:30:19 2016","Mon Apr  4 02:30:19 2016","","La baie des anges","Feature Film","Jacques Demy","","7.4","90","1963","drama, romance","1790","1963-03-01","http://www.imdb.com/title/tt0056846/"
"294","tt0058458","Mon Apr  4 02:30:45 2016","Mon Apr  4 02:30:45 2016","","La peau douce","Feature Film","François Truffaut","","7.6","113","1964","drama, romance","4871","1964-04-20","http://www.imdb.com/title/tt0058458/"
"295","tt0055093","Mon Apr  4 02:35:45 2016","Mon Apr  4 02:35:45 2016","","Lola","Feature Film","Jacques Demy","","7.6","90","1961","drama, romance","3280","1961-03-03","http://www.imdb.com/title/tt0055093/"
"296","tt0058450","Mon Apr  4 02:35:48 2016","Mon Apr  4 02:35:48 2016","","Les parapluies de Cherbourg","Feature Film","Jacques Demy","","7.8","91","1964","drama, musical, romance","14999","1964-02-19","http://www.imdb.com/title/tt0058450/"
"297","tt0062873","Mon Apr  4 02:35:50 2016","Mon Apr  4 02:35:50 2016","","Les demoiselles de Rochefort","Feature Film","Jacques Demy","","7.6","120","1967","comedy, drama, musical, romance","4797","1967-03-08","http://www.imdb.com/title/tt0062873/"
"298","tt0048575","Mon Apr  4 02:36:22 2016","Mon Apr  4 02:36:22 2016","","Le sabotier du Val de Loire","Documentary","Jacques Demy","","7.3","26","1956","documentary, drama","142","1956-06","http://www.imdb.com/title/tt0048575/"
"299","tt0084843","Mon Apr  4 02:36:26 2016","Mon Apr  4 02:36:26 2016","","Une chambre en ville","Feature Film","Jacques Demy","","7.0","90","1982","drama, musical","587","1982-10-27","http://www.imdb.com/title/tt0084843/"
"300","tt0119828","Mon Apr  4 02:37:18 2016","Mon Apr  4 02:37:18 2016","","On connaît la chanson","Feature Film","Alain Resnais","","7.4","120","1997","comedy, drama, musical, romance","3325","1997-11-12","http://www.imdb.com/title/tt0119828/"
"301","tt0086890","Mon Apr  4 02:37:34 2016","Mon Apr  4 02:37:34 2016","","L'amour à mort","Feature Film","Alain Resnais","","7.1","92","1984","drama, romance","714","1984-09-01","http://www.imdb.com/title/tt0086890/"
"302","tt0086551","Mon Apr  4 02:38:02 2016","Mon Apr  4 02:38:02 2016","","Vivement dimanche!","Feature Film","François Truffaut","","7.4","110","1983","comedy, crime, mystery, thriller","4221","1983-08-10","http://www.imdb.com/title/tt0086551/"
"303","tt0076155","Mon Apr  4 02:38:08 2016","Mon Apr  4 02:38:08 2016","","L'homme qui aimait les femmes","Feature Film","François Truffaut","","7.5","120","1977","comedy, drama, romance","4833","1977-04-27","http://www.imdb.com/title/tt0076155/"
"304","tt0074152","Mon Apr  4 02:38:11 2016","Mon Apr  4 02:38:11 2016","","L'argent de poche","Feature Film","François Truffaut","","7.8","104","1976","comedy, drama","4235","1976-03-17","http://www.imdb.com/title/tt0074152/"
"305","tt0054248","Mon Apr  4 02:59:59 2016","Mon Apr  4 02:59:59 2016","","Rocco e i suoi fratelli","Feature Film","Luchino Visconti","","8.3","177","1960","crime, drama, sport","11340","1960-09-06","http://www.imdb.com/title/tt0054248/"
"306","tt0134633","Tue Apr 12 12:25:39 2016","Tue Apr 12 12:25:39 2016","","Ekipazh","Feature Film","Aleksandr Mitta","","7.7","144","1980","action, drama, thriller","1735","1980-05-12","http://www.imdb.com/title/tt0134633/"
"307","tt0113824","Tue Apr 12 12:26:00 2016","Tue Apr 12 12:26:00 2016","","Mimi wo sumaseba","Feature Film","Yoshifumi Kondô","","8.0","111","1995","animation, drama, family, music, romance","29943","1995-07-15","http://www.imdb.com/title/tt0113824/"
"308","tt0087544","Sun May 15 21:28:19 2016","Sun May 15 21:28:19 2016","","Kaze no tani no Naushika","Feature Film","Hayao Miyazaki","","8.1","117","1984","animation, adventure, fantasy, sci_fi","96828","1984-03-11","http://www.imdb.com/title/tt0087544/"
"309","tt0063840","Sun May 15 21:28:21 2016","Sun May 15 21:28:21 2016","","Zigzag udachi","Feature Film","Eldar Ryazanov","","7.3","88","1968","comedy","497","1968-12-30","http://www.imdb.com/title/tt0063840/"
"310","tt0056045","Sun May 15 21:28:23 2016","Sun May 15 21:28:23 2016","","Gusarskaya ballada","Feature Film","Eldar Ryazanov","","7.6","96","1962","comedy, musical, war","828","1962-09-07","http://www.imdb.com/title/tt0056045/"
"311","tt0055499","Sun May 15 21:28:32 2016","Sun May 15 21:28:32 2016","","Såsom i en spegel","Feature Film","Ingmar Bergman","","8.1","89","1961","drama","15209","1961-10-14","http://www.imdb.com/title/tt0055499/"
"312","tt0047296","Sun May 15 21:34:27 2016","Sun May 15 21:34:27 2016","","On the Waterfront","Feature Film","Elia Kazan","","8.2","108","1954","crime, drama, romance, thriller","101378","1954-06-22","http://www.imdb.com/title/tt0047296/"
"313","tt0238883","Sun May 15 21:34:33 2016","Sun May 15 21:34:33 2016","","Brat 2","Feature Film","Aleksey Balabanov","","7.9","122","2000","action, crime, thriller","7498","2000-05-11","http://www.imdb.com/title/tt0238883/"
"314","tt0013442","Sun May 15 21:35:04 2016","Sun May 15 21:35:04 2016","","Nosferatu, eine Symphonie des Grauens","Feature Film","F.W. Murnau","","8.0","94","1922","fantasy, horror","68424","1922-02-17","http://www.imdb.com/title/tt0013442/"
"315","tt0100157","Mon May 16 03:16:43 2016","Mon May 16 03:16:43 2016","","Misery","Feature Film","Rob Reiner","","7.8","107","1990","crime, drama, thriller","134049","1990-11-30","http://www.imdb.com/title/tt0100157/"
"316","tt0075005","Mon May 16 03:21:32 2016","Mon May 16 03:21:32 2016","","The Omen","Feature Film","Richard Donner","","7.6","111","1976","fantasy, horror, mystery","81277","1976-06-06","http://www.imdb.com/title/tt0075005/"
"317","tt0062393","Wed May 18 00:09:09 2016","Wed May 18 00:09:09 2016","","Tri topolya na Plyushchikhe","Feature Film","Tatyana Lioznova","","7.9","79","1968","romance","532","1968-03-15","http://www.imdb.com/title/tt0062393/"
"318","tt0084518","Wed May 18 00:09:12 2016","Wed May 18 00:09:12 2016","","Polyoty vo sne i nayavu","Feature Film","Roman Balayan","8","7.6","92","1983","drama","567","1983-01-17","http://www.imdb.com/title/tt0084518/"
"319","tt2972828","Wed May 18 00:09:18 2016","Wed May 18 00:09:18 2016","","Rol","Feature Film","Konstantin Lopushanskiy","","7.1","132","2013","drama, history","201","2013-06-25","http://www.imdb.com/title/tt2972828/"
"320","tt2356777","Wed May 18 01:07:03 2016","Wed May 18 01:07:03 2016","","True Detective","TV Series","","10","9.1","55","2014","crime, drama, mystery, thriller","329059","2014-01-12","http://www.imdb.com/title/tt2356777/"
"321","tt1475582","Wed May 18 01:08:42 2016","Wed May 18 01:08:42 2016","","Sherlock","TV Series","","10","9.3","88","2010","crime, drama, mystery","507201","2010-07-25","http://www.imdb.com/title/tt1475582/"
"322","tt2442560","Wed May 18 01:08:49 2016","Wed May 18 01:08:49 2016","","Peaky Blinders","TV Series","","9","8.8","60","2013","crime, drama","60362","2013-09-12","http://www.imdb.com/title/tt2442560/"
"323","tt4158110","Wed May 18 01:09:00 2016","Wed May 18 01:09:00 2016","","Mr. Robot","TV Series","","","8.8","49","2015","crime, drama, thriller","168119","2015-03-17","http://www.imdb.com/title/tt4158110/"
"324","tt2802850","Wed May 18 01:09:03 2016","Wed May 18 01:09:03 2016","","Fargo","TV Series","","9","9.0","53","2014","crime, drama, thriller","172248","2014-04-15","http://www.imdb.com/title/tt2802850/"
"325","tt0098936","Wed May 18 01:22:51 2016","Wed May 18 01:22:51 2016","","Twin Peaks","TV Series","","9","8.9","47","1990","crime, drama, mystery, thriller","110300","1989-09","http://www.imdb.com/title/tt0098936/"
"326","tt0077869","Wed May 18 01:24:14 2016","Wed May 18 01:24:14 2016","","The Lord of the Rings","Feature Film","Ralph Bakshi","","6.2","132","1978","animation, adventure, fantasy","24319","1978-11-15","http://www.imdb.com/title/tt0077869/"
"327","tt0425458","Wed May 18 01:24:44 2016","Wed May 18 01:24:44 2016","","Six Shooter","Short Film","Martin McDonagh","7","7.7","27","2004","comedy","6622","2004-10-14","http://www.imdb.com/title/tt0425458/"
"328","tt2494384","Tue Jun 28 22:29:14 2016","Tue Jun 28 22:29:14 2016","","Aloft","Feature Film","Claudia Llosa","","5.3","112","2014","drama","2152","2014-02-12","http://www.imdb.com/title/tt2494384/"
"329","tt0055572","Thu Jun 30 05:16:13 2016","Thu Jun 30 05:16:13 2016","","Une femme est une femme","Feature Film","Jean-Luc Godard","","7.6","85","1961","comedy, drama, romance","10557","1961-06","http://www.imdb.com/title/tt0055572/"
"330","tt0093940","Wed Aug 10 02:30:23 2016","Wed Aug 10 02:30:23 2016","","September","Feature Film","Woody Allen","","6.7","82","1987","drama","7074","1987-12-18","http://www.imdb.com/title/tt0093940/"
"331","tt0094663","Wed Aug 10 02:30:25 2016","Wed Aug 10 02:30:25 2016","","Another Woman","Feature Film","Woody Allen","","7.4","81","1988","drama, romance","9875","1988-10-14","http://www.imdb.com/title/tt0094663/"
"332","tt0097123","Wed Aug 10 02:30:28 2016","Wed Aug 10 02:30:28 2016","","Crimes and Misdemeanors","Feature Film","Woody Allen","9","8.0","104","1989","comedy, drama","43081","1989-10-13","http://www.imdb.com/title/tt0097123/"
"333","tt0097965","Wed Aug 10 02:30:30 2016","Wed Aug 10 02:30:30 2016","","New York Stories","Feature Film","Woody Allen, Francis Coppola","","6.4","124","1989","comedy, drama, romance","13746","1989-03-01","http://www.imdb.com/title/tt0097965/"
"334","tt0099012","Wed Aug 10 02:30:31 2016","Wed Aug 10 02:30:31 2016","","Alice","Feature Film","Woody Allen","","6.6","102","1990","comedy, fantasy, romance","10590","1990-12-25","http://www.imdb.com/title/tt0099012/"
"335","tt0104466","Wed Aug 10 02:30:34 2016","Wed Aug 10 02:30:34 2016","","Husbands and Wives","Feature Film","Woody Allen","7","7.6","103","1992","comedy, drama, romance","21624","1992-08-19","http://www.imdb.com/title/tt0104466/"
"336","tt0107507","Wed Aug 10 02:30:36 2016","Wed Aug 10 02:30:36 2016","","Manhattan Murder Mystery","Feature Film","Woody Allen","7","7.4","104","1993","comedy, mystery","28564","1993-08-18","http://www.imdb.com/title/tt0107507/"
"337","tt0109644","Wed Aug 10 02:30:37 2016","Wed Aug 10 02:30:37 2016","","Don't Drink the Water","TV Movie","Woody Allen","","6.3","100","1994","comedy","2507","1994-12-18","http://www.imdb.com/title/tt0109644/"
"338","tt0069097","Wed Aug 10 02:30:53 2016","Wed Aug 10 02:30:53 2016","","Play It Again, Sam","Feature Film","Herbert Ross","","7.7","85","1972","comedy, romance","19695","1972-05-04","http://www.imdb.com/title/tt0069097/"
"339","tt0066260","Wed Aug 10 02:30:59 2016","Wed Aug 10 02:30:59 2016","","Pussycat, Pussycat, I Love You","Feature Film","Rod Amateau","","4.8","99","1970","comedy","358","1970-03-25","http://www.imdb.com/title/tt0066260/"
"340","tt0061177","Wed Aug 10 02:31:14 2016","Wed Aug 10 02:31:14 2016","","What's Up, Tiger Lily?","Feature Film","Woody Allen, Senkichi Taniguchi","","6.1","80","1966","adventure, comedy, crime, thriller","7739","1966-11-02","http://www.imdb.com/title/tt0061177/"
"341","tt0313792","Wed Aug 10 02:31:41 2016","Wed Aug 10 02:31:41 2016","","Anything Else","Feature Film","Woody Allen","","6.4","108","2003","comedy, romance","25247","2003-08-27","http://www.imdb.com/title/tt0313792/"
"342","tt0057611","Thu Aug 11 08:24:54 2016","Thu Aug 11 08:24:54 2016","","Tystnaden","Feature Film","Ingmar Bergman","","8.1","96","1963","drama","12208","1963-09-26","http://www.imdb.com/title/tt0057611/"
"343","tt0063522","Thu Aug 11 08:26:15 2016","Thu Aug 11 08:26:15 2016","","Rosemary's Baby","Feature Film","Roman Polanski","","8.0","136","1968","drama, horror","141053","1968-06-12","http://www.imdb.com/title/tt0063522/"
"344","tt0083658","Thu Aug 11 08:28:10 2016","Thu Aug 11 08:28:10 2016","","Blade Runner","Feature Film","Ridley Scott","","8.2","117","1982","sci_fi, thriller","463511","1982-06-25","http://www.imdb.com/title/tt0083658/"
"345","tt0775489","Thu Aug 11 08:48:38 2016","Thu Aug 11 08:48:38 2016","","L'illusionniste","Feature Film","Sylvain Chomet","","7.5","80","2010","animation, drama","28521","2010-02-16","http://www.imdb.com/title/tt0775489/"
"346","tt0286244","Thu Aug 11 08:49:08 2016","Thu Aug 11 08:49:08 2016","","Les triplettes de Belleville","Feature Film","Sylvain Chomet","","7.8","78","2003","animation, comedy, drama","42587","2003-05-18","http://www.imdb.com/title/tt0286244/"
"347","tt0249241","Thu Aug 11 08:50:06 2016","Thu Aug 11 08:50:06 2016","","Werckmeister harmóniák","Feature Film","Béla Tarr, Ágnes Hranitzky","","8.3","145","2000","drama, mystery","8743","2000-07-12","http://www.imdb.com/title/tt0249241/"
"348","tt1664894","Thu Aug 11 08:56:21 2016","Thu Aug 11 08:56:21 2016","","Cave of Forgotten Dreams","Documentary","Werner Herzog","","7.4","90","2010","documentary, history","11398","2010-09-10","http://www.imdb.com/title/tt1664894/"
"349","tt0235618","Thu Aug 11 08:57:05 2016","Thu Aug 11 08:57:05 2016","","The Nine Lives of Tomas Katz","Feature Film","Ben Hopkins","","7.1","87","2000","comedy, drama, fantasy, mystery","892","2000-03-01","http://www.imdb.com/title/tt0235618/"
"350","tt1683876","Thu Aug 11 08:57:40 2016","Thu Aug 11 08:57:40 2016","","Happy People: A Year in the Taiga","Documentary","Werner Herzog, Dmitry Vasyukov","","7.8","90","2010","documentary","4533","2010-09","http://www.imdb.com/title/tt1683876/"
"351","tt0082348","Fri Aug 19 02:23:16 2016","Fri Aug 19 02:23:16 2016","","Excalibur","Feature Film","John Boorman","","7.4","140","1981","adventure, drama, fantasy, romance","46688","1981-04-10","http://www.imdb.com/title/tt0082348/"
"352","tt0071737","Fri Aug 19 02:23:19 2016","Fri Aug 19 02:23:19 2016","","Lancelot du Lac","Feature Film","Robert Bresson","","7.1","85","1974","drama, history, romance, war","2485","1974-05-23","http://www.imdb.com/title/tt0071737/"
"353","tt0065622","Fri Aug 19 02:23:25 2016","Fri Aug 19 02:23:25 2016","","Il Decameron","Feature Film","Pier Paolo Pasolini","","7.0","112","1971","comedy, drama, history","6886","1971-06-28","http://www.imdb.com/title/tt0065622/"
"354","tt0088846","Fri Aug 19 02:23:30 2016","Fri Aug 19 02:23:30 2016","","Brazil","Feature Film","Terry Gilliam","","8.0","132","1985","drama, sci_fi","152813","1985-02-20","http://www.imdb.com/title/tt0088846/"
"355","tt0062136","Fri Aug 19 02:23:33 2016","Fri Aug 19 02:23:33 2016","","Playtime","Feature Film","Jacques Tati","","8.0","115","1967","comedy","12972","1967-12-16","http://www.imdb.com/title/tt0062136/"
"356","tt0017136","Fri Aug 19 02:23:35 2016","Fri Aug 19 02:23:35 2016","","Metropolis","Feature Film","Fritz Lang","","8.3","153","1927","drama, sci_fi","112329","1927-01-10","http://www.imdb.com/title/tt0017136/"
"357","tt1705064","Fri Aug 19 02:35:28 2016","Fri Aug 19 02:35:28 2016","","Genji monogatari: Sennen no nazo","Feature Film","Yasuo Tsuruhashi","","6.5","136","2011","drama","75","2011-12-10","http://www.imdb.com/title/tt1705064/"
"358","tt0059655","Fri Aug 19 02:35:32 2016","Fri Aug 19 02:35:32 2016","","Rodnik dlya zhazhdushchikh","Feature Film","Yuri Ilyenko","","7.3","70","1965","drama","152","1965","http://www.imdb.com/title/tt0059655/"
"359","tt0060989","Fri Aug 19 02:35:36 2016","Fri Aug 19 02:35:36 2016","","Skvernyy anekdot","Feature Film","Aleksandr Alov, Vladimir Naumov","","7.4","102","1966","comedy","90","1966","http://www.imdb.com/title/tt0060989/"
"360","tt0062026","Fri Aug 19 02:35:38 2016","Fri Aug 19 02:35:38 2016","","Nachalo nevedomogo veka","Feature Film","Larisa Shepitko, Andrey Smirnov","","7.1","73","1967","drama, history","126","1967","http://www.imdb.com/title/tt0062026/"
"361","tt0060549","Fri Aug 19 02:35:41 2016","Fri Aug 19 02:35:41 2016","","Istoriya Asi Klyachinoy, kotoraya lyubila, da ne vyshla zamuzh","Feature Film","Andrey Mikhalkov-Konchalovskiy","","7.3","99","1966","drama, romance","318","1966","http://www.imdb.com/title/tt0060549/"
"362","tt0142405","Fri Aug 19 02:35:43 2016","Fri Aug 19 02:35:43 2016","","Interventsiya","Feature Film","Gennadi Poloka","","6.7","127","1968","adventure, comedy, drama, history, music","173","1968","http://www.imdb.com/title/tt0142405/"
"363","tt0347768","Fri Aug 19 02:35:46 2016","Fri Aug 19 02:35:46 2016","","Pervorossiyanye","Feature Film","Aleksandr Ivanov, Yevgeni Shiffers","","7.1","77","1967","drama","16","1967-11","http://www.imdb.com/title/tt0347768/"
"364","tt0061876","Fri Aug 19 02:35:48 2016","Fri Aug 19 02:35:48 2016","","Komissar","Feature Film","Aleksandr Askoldov","","7.7","110","1967","drama, war","968","1967","http://www.imdb.com/title/tt0061876/"
"365","tt0072027","Fri Aug 19 02:35:52 2016","Fri Aug 19 02:35:52 2016","","Premiya","Feature Film","Sergey Mikaelyan","","6.8","83","1975","drama","132","1975-09-22","http://www.imdb.com/title/tt0072027/"
"366","tt2332522","Fri Aug 19 02:35:59 2016","Fri Aug 19 02:35:59 2016","","Leviathan","Documentary","Lucien Castaing-Taylor, Verena Paravel","","6.5","87","2012","documentary","2429","2012-08-09","http://www.imdb.com/title/tt2332522/"
"367","tt0323872","Fri Aug 19 02:36:03 2016","Fri Aug 19 02:36:03 2016","","Salmer fra kjøkkenet","Feature Film","Bent Hamer","","7.4","95","2003","comedy, drama","7040","2003-01-15","http://www.imdb.com/title/tt0323872/"
"368","tt1798188","Fri Aug 19 02:51:50 2016","Fri Aug 19 02:51:50 2016","","Kokuriko-zaka kara","Feature Film","Gorô Miyazaki","","7.4","91","2011","animation, drama, family","19186","2011-07-16","http://www.imdb.com/title/tt1798188/"
"369","tt0085218","Fri Aug 19 02:51:52 2016","Fri Aug 19 02:51:52 2016","","Hadashi no Gen","Feature Film","Mori Masaki","","8.1","83","1983","animation, biography, drama, war","5347","1983-07-21","http://www.imdb.com/title/tt0085218/"
"370","tt0112671","Fri Aug 19 02:53:38 2016","Fri Aug 19 02:53:38 2016","","Chyornaya vual","Feature Film","Aleksandr Proshkin","","5.7","97","1995","crime, romance","29","1995","http://www.imdb.com/title/tt0112671/"
"371","tt0093728","Fri Aug 19 02:53:41 2016","Fri Aug 19 02:53:41 2016","","Pervaya vstrecha - poslednyaya vstrecha","Feature Film","Vitaliy Melnikov","","7.4","92","1988","comedy, drama, history","32","1988-03","http://www.imdb.com/title/tt0093728/"
"372","tt0027235","Fri Aug 19 02:53:43 2016","Fri Aug 19 02:53:43 2016","","Yunost Maksima","Feature Film","Grigori Kozintsev, Leonid Trauberg","","7.0","92","1935","drama, history, war","155","1935-01-27","http://www.imdb.com/title/tt0027235/"
"373","tt3689910","Fri Aug 19 02:54:05 2016","Fri Aug 19 02:54:05 2016","","Sarusuberi: Miss Hokusai","Feature Film","Keiichi Hara","","6.8","93","2015","animation, biography, drama, history","554","2015-05-09","http://www.imdb.com/title/tt3689910/"
"374","tt0157713","Fri Aug 19 02:54:12 2016","Fri Aug 19 02:54:12 2016","","Gospodin oformitel","Feature Film","Oleg Teptsov","","7.2","109","1987","drama, fantasy, mystery","354","1987","http://www.imdb.com/title/tt0157713/"
"375","tt0156849","Fri Aug 19 02:54:33 2016","Fri Aug 19 02:54:33 2016","","Pro urodov i lyudey","Feature Film","Aleksey Balabanov","","7.2","93","1998","comedy, drama, history","1978","1998-05-20","http://www.imdb.com/title/tt0156849/"
"376","tt0114178","Fri Aug 19 02:56:28 2016","Fri Aug 19 02:56:28 2016","","Pribytie poezda","Feature Film","Aleksey Balabanov, Vladimir Khotinenko","","7.0","98","1995","drama","92","1995","http://www.imdb.com/title/tt0114178/"
"377","tt0488832","Fri Aug 19 02:56:34 2016","Fri Aug 19 02:56:34 2016","","Garpastum","Feature Film","Aleksey German","","6.6","116","2005","drama","493","2005-09-11","http://www.imdb.com/title/tt0488832/"
"378","tt0081991","Fri Aug 19 02:56:38 2016","Fri Aug 19 02:56:38 2016","","Agoniya","Feature Film","Elem Klimov","","7.1","151","1975","biography, drama, history","848","1975","http://www.imdb.com/title/tt0081991/"
"379","tt0016185","Fri Aug 19 03:01:48 2016","Fri Aug 19 03:01:48 2016","","Orochi","Feature Film","Buntarô Futagara","","7.1","74","1925","action, adventure","190","1925-11-20","http://www.imdb.com/title/tt0016185/"
"380","tt0017048","Fri Aug 19 03:02:27 2016","Fri Aug 19 03:02:27 2016","","Kurutta ippêji","Feature Film","Teinosuke Kinugasa","","7.7","70","1926","drama, horror","1488","1926-09-24","http://www.imdb.com/title/tt0017048/"
"381","tt1159490","Fri Aug 19 03:02:29 2016","Fri Aug 19 03:02:29 2016","","Chûkon giretsu - Jitsuroku Chûshingura","Feature Film","Shôzô Makino","","6.7","64","1928","","26","1928-03-14","http://www.imdb.com/title/tt1159490/"
"382","tt0024191","Fri Aug 19 03:02:32 2016","Fri Aug 19 03:02:32 2016","","Koi no hana saku Izu no odoriko","Feature Film","Heinosuke Gosho","","6.9","94","1933","","51","1933-02-02","http://www.imdb.com/title/tt0024191/"
"383","tt0160994","Fri Aug 19 03:02:34 2016","Fri Aug 19 03:02:34 2016","","Tonari no Yae-chan","Feature Film","Yasujirô Shimazu","","7.3","76","1934","comedy, drama, romance","136","1934-06-28","http://www.imdb.com/title/tt0160994/"
"384","tt0029314","Fri Aug 19 03:02:35 2016","Fri Aug 19 03:02:35 2016","","Ninjô kami fûsen","Feature Film","Sadao Yamanaka","","7.8","86","1937","drama","1207","1937-08-25","http://www.imdb.com/title/tt0029314/"
"385","tt0032063","Fri Aug 19 03:02:37 2016","Fri Aug 19 03:02:37 2016","","Tsuchi","Feature Film","Tomu Uchida","","7.2","142","1939","drama","24","1939","http://www.imdb.com/title/tt0032063/"
"386","tt0427424","Fri Aug 19 03:02:39 2016","Fri Aug 19 03:02:39 2016","","Kanzashi","Feature Film","Hiroshi Shimizu","","7.3","75","1941","drama","372","1941-08-26","http://www.imdb.com/title/tt0427424/"
"387","tt0322592","Fri Aug 19 03:02:44 2016","Fri Aug 19 03:02:44 2016","","Honjitsu kyûshin","Feature Film","Minoru Shibuya","","7.4","97","1952","","25","1952-02-29","http://www.imdb.com/title/tt0322592/"
"388","tt0046438","Fri Aug 19 03:02:50 2016","Fri Aug 19 03:02:50 2016","","Tôkyô monogatari","Feature Film","Yasujirô Ozu","","8.3","136","1953","drama","26860","1953-11-03","http://www.imdb.com/title/tt0046438/"
"389","tt0047281","Fri Aug 19 03:02:52 2016","Fri Aug 19 03:02:52 2016","","Nijûshi no hitomi","Feature Film","Keisuke Kinoshita","","8.1","156","1954","drama","1571","1954-09-15","http://www.imdb.com/title/tt0047281/"
"390","tt0047444","Fri Aug 19 03:02:54 2016","Fri Aug 19 03:02:54 2016","","Miyamoto Musashi","Feature Film","Hiroshi Inagaki","","7.6","93","1954","action, adventure, biography, drama, history","5803","1954-09-26","http://www.imdb.com/title/tt0047444/"
"391","tt0047034","Fri Aug 19 03:02:56 2016","Fri Aug 19 03:02:56 2016","","Gojira","Feature Film","Ishirô Honda","","7.5","96","1954","drama, horror, sci_fi, thriller","18987","1954-11-03","http://www.imdb.com/title/tt0047034/"
"392","tt0048757","Fri Aug 19 03:02:59 2016","Fri Aug 19 03:02:59 2016","","Ukigumo","Feature Film","Mikio Naruse","","7.9","123","1955","drama, romance","1501","1955-01-15","http://www.imdb.com/title/tt0048757/"
"393","tt0270685","Fri Aug 19 03:03:05 2016","Fri Aug 19 03:03:05 2016","","Taiyo no kisetsu","Feature Film","Takumi Furukawa","","6.8","89","1956","drama","38","1956-05-17","http://www.imdb.com/title/tt0270685/"
"394","tt0050162","Fri Aug 19 03:03:06 2016","Fri Aug 19 03:03:06 2016","","Bakumatsu taiyôden","Feature Film","Yûzô Kawashima","","7.6","110","1957","comedy","365","1957-07-14","http://www.imdb.com/title/tt0050162/"
"395","tt0051584","Fri Aug 19 03:03:08 2016","Fri Aug 19 03:03:08 2016","","Enjô","Feature Film","Kon Ichikawa","","7.3","99","1958","drama","422","1958-08-19","http://www.imdb.com/title/tt0051584/"
"396","tt0056049","Fri Aug 19 03:03:11 2016","Fri Aug 19 03:03:11 2016","","Hadaka no shima","Feature Film","Kaneto Shindô","","8.3","94","1960","drama","3323","1960-11-23","http://www.imdb.com/title/tt0056049/"
"397","tt1069238","Fri Aug 19 03:08:21 2016","Fri Aug 19 03:08:21 2016","","Okuribito","Feature Film","Yôjirô Takita","","8.1","130","2008","drama, music","38750","2008-08-23","http://www.imdb.com/title/tt1069238/"
"398","tt0054122","Fri Aug 19 03:08:26 2016","Fri Aug 19 03:08:26 2016","","Nihon no yoru to kiri","Feature Film","Nagisa Ôshima","","7.1","107","1960","drama","414","1960-10-09","http://www.imdb.com/title/tt0054122/"
"399","tt0055816","Fri Aug 19 03:08:35 2016","Fri Aug 19 03:08:35 2016","","Bushidô zankoku monogatari","Feature Film","Tadashi Imai","","7.2","122","1963","action, drama","189","1963-04-28","http://www.imdb.com/title/tt0055816/"
"400","tt0058279","Fri Aug 19 03:08:43 2016","Fri Aug 19 03:08:43 2016","","Kaidan","Feature Film","Masaki Kobayashi","","8.0","183","1964","drama, fantasy, horror","10217","1964-12-29","http://www.imdb.com/title/tt0058279/"
"401","tt0057941","Fri Aug 19 03:08:50 2016","Fri Aug 19 03:08:50 2016","","Chi to suna","Feature Film","Kihachi Okamoto","","7.2","132","1965","drama, war","98","1965-09-18","http://www.imdb.com/title/tt0057941/"
"402","tt0313676","Fri Aug 19 03:08:54 2016","Fri Aug 19 03:08:54 2016","","Tairiku nagaremono","Feature Film","Kôsaku Yamashita","","","92","1966","","0","1966-06-19","http://www.imdb.com/title/tt0313676/"
"403","tt0064296","Fri Aug 19 03:08:58 2016","Fri Aug 19 03:08:58 2016","","Erosu purasu gyakusatsu","Feature Film","Yoshishige Yoshida","","8.3","202","1969","biography, drama, fantasy, history","1407","1969-10-15","http://www.imdb.com/title/tt0064296/"
"404","tt0064975","Fri Aug 19 03:09:05 2016","Fri Aug 19 03:09:05 2016","","Shinjû: Ten no Amijima","Feature Film","Masahiro Shinoda","","7.9","142","1969","drama","1456","1969-05-24","http://www.imdb.com/title/tt0064975/"
"405","tt0064777","Fri Aug 19 03:09:07 2016","Fri Aug 19 03:09:07 2016","","Otoko wa tsurai yo","Feature Film","Yôji Yamada","","7.1","91","1969","drama, comedy, romance","209","1969-08-27","http://www.imdb.com/title/tt0064777/"
"406","tt0069260","Fri Aug 19 03:09:10 2016","Fri Aug 19 03:09:10 2016","","Shinobugawa","Feature Film","Kei Kumai","","7.1","120","1972","drama, romance","70","1972-05-25","http://www.imdb.com/title/tt0069260/"
"407","tt0084390","Fri Aug 19 03:09:13 2016","Fri Aug 19 03:09:13 2016","","Narayama bushikô","Feature Film","Shôhei Imamura","","7.9","130","1983","drama","5040","1983-04-29","http://www.imdb.com/title/tt0084390/"
"408","tt0131012","Fri Aug 19 03:09:16 2016","Fri Aug 19 03:09:16 2016","","Shi no toge","Feature Film","Kôhei Oguri","","7.1","115","1990","drama","148","1990-04-28","http://www.imdb.com/title/tt0131012/"
"409","tt0119250","Fri Aug 19 03:09:20 2016","Fri Aug 19 03:09:20 2016","","Hana-bi","Feature Film","Takeshi Kitano","","7.9","103","1997","crime, drama, romance, thriller","21162","1997-09-03","http://www.imdb.com/title/tt0119250/"
"410","tt0178868","Fri Aug 19 03:09:41 2016","Fri Aug 19 03:09:41 2016","","Ringu","Feature Film","Hideo Nakata","","7.3","96","1998","horror, mystery","50793","1998-01-31","http://www.imdb.com/title/tt0178868/"
"411","tt0266308","Fri Aug 19 03:09:44 2016","Fri Aug 19 03:09:44 2016","","Batoru rowaiaru","Feature Film","Kinji Fukasaku","","7.7","114","2000","adventure, drama, sci_fi, thriller","139153","2000-12-16","http://www.imdb.com/title/tt0266308/"
"412","tt1132623","Fri Aug 19 03:19:14 2016","Fri Aug 19 03:19:14 2016","","You Don't Know Jack","TV Movie","Barry Levinson","","7.7","134","2010","biography, drama","22018","2010-04-14","http://www.imdb.com/title/tt1132623/"
"413","tt3409440","Fri Aug 19 03:19:16 2016","Fri Aug 19 03:19:16 2016","","De surprise","Feature Film","Mike van Diem","","6.7","102","2015","comedy, romance","1597","2015-05-21","http://www.imdb.com/title/tt3409440/"
"414","tt1246599","Fri Aug 19 03:19:21 2016","Fri Aug 19 03:19:21 2016","","The Suicide Tourist","Documentary","John Zaritsky","","8.1","56","2007","documentary","136","2007-11-14","http://www.imdb.com/title/tt1246599/"
"415","tt1715802","Fri Aug 19 03:19:23 2016","Fri Aug 19 03:19:23 2016","","How to Die in Oregon","Documentary","Peter D. Richardson","","8.3","107","2011","documentary, drama, family","1608","2011-01","http://www.imdb.com/title/tt1715802/"
"416","tt0369702","Fri Aug 19 03:19:35 2016","Fri Aug 19 03:19:35 2016","","Mar adentro","Feature Film","Alejandro Amenábar","","8.1","125","2004","biography, drama, romance","64729","2004-09-02","http://www.imdb.com/title/tt0369702/"
"417","tt4574334","Sat Aug 20 05:56:23 2016","Sat Aug 20 05:56:23 2016","","Stranger Things","TV Series","Matt Duffer, Ross Duffer","","9.1","55","2016","drama, horror, mystery, romance, sci_fi, thriller","137777","2016-07-11","http://www.imdb.com/title/tt4574334/"
"418","tt2401256","Sat Aug 20 05:56:34 2016","Sat Aug 20 05:56:34 2016","","The Night Of","Mini-Series","","","9.0","60","2016","crime, drama","19929","2016-06-24","http://www.imdb.com/title/tt2401256/"
"419","tt2614684","Sun Aug 21 04:02:38 2016","Sun Aug 21 04:02:38 2016","","'71","Feature Film","Yann Demange","","7.2","99","2014","action, drama, thriller, war","35434","2014-02-07","http://www.imdb.com/title/tt2614684/"
"420","tt1100089","Sun Aug 21 04:05:59 2016","Sun Aug 21 04:05:59 2016","","Foxcatcher","Feature Film","Bennett Miller","","7.0","134","2014","biography, drama, sport","107232","2014-05-19","http://www.imdb.com/title/tt1100089/"
"421","tt3007512","Sun Aug 21 04:08:16 2016","Sun Aug 21 04:08:16 2016","","The Water Diviner","Feature Film","Russell Crowe","","7.1","111","2014","drama, war","53712","2014-12-11","http://www.imdb.com/title/tt3007512/"
"422","tt2567712","Sun Aug 21 04:08:22 2016","Sun Aug 21 04:08:22 2016","","Starred Up","Feature Film","David Mackenzie","","7.4","106","2013","crime, drama","31208","2013-08-30","http://www.imdb.com/title/tt2567712/"
"423","tt4080728","Sun Aug 28 23:11:59 2016","Sun Aug 28 23:11:59 2016","","En man som heter Ove","Feature Film","Hannes Holm","","7.6","116","2015","comedy, drama","5686","2015-12-13","http://www.imdb.com/title/tt4080728/"
"424","tt4513674","Mon Aug 29 04:06:02 2016","Mon Aug 29 04:06:02 2016","","Café Society","Feature Film","Woody Allen","","7.1","96","2016","comedy, drama, romance","6810","2016-05-11","http://www.imdb.com/title/tt4513674/"
